英単語,発音,品詞,日本語訳,細かい発音,単元
I,[アイ],代,私は,[I（アイ）],DAY1
as,[アズ],前,～として,[a（ア）][s（ズ）],DAY1
as,[アズ],接,～のように/～なので/～する時,[a（ア）][s（ズ）],DAY1
at,[アットゥ],前,～で/～に,[a（ア）][t（トゥ）],DAY1
if,[イフ],接,もし～なら,[i（イ）][f（フ）],DAY1
in,[イン],前,～で/～の中に,[i（イ）][n（ン）],DAY1
it,[イットゥ],代,それは/それを/それに,[i（イ）][t（トゥ）],DAY1
on,[オン],前,～の上に,[o（オ）][n（ン）],DAY1
up,[アップ],副,上に,[u（ア）][p（プ）],DAY1
us,[アス],代,私たちを/私たちに,[u（ア）][s（ス）],DAY1
"a, an",[ア] [アン],冠,１つの/１人の,[a（ア）][n（ン）],DAY1
add,[アドゥ],動,加える/足す,[a（ア）][dd（ドゥ）],DAY2
all,[オール],代,すべて,[al（オー）][l（ル）],DAY2
all,[オール],形,すべての,[al（オー）][l（ル）],DAY2
and,[アンドゥ],接,と/て/そして,[a（ア）][n（ン）][d（ドゥ）],DAY2
ask,[アスク],動,たずねる/質問する/頼む,[a（ア）][s（ス）][k（ク）],DAY2
bad,[バッドゥ],形,悪い, [ba（バ）][d（ドゥ）]   ※ [b(ブ)]  [a(ア)],DAY2
bag,[バッグ],名,かばん, [ba（バ）][g（グ）]  ※ [b(ブ)]  [a(ア)],DAY2
bed,[ベッドゥ],名,ベッド, [be（ベ）][d（ドゥ）]  ※ [b(ブ)]  [e(エ)],DAY2
big,[ビッグ],形,大きい/大きな, [bi（ビ）][g（グ）]  ※ [b(ブ)]  [i(イ)],DAY2
bus,[バス],名,バス,[bu（バ）][s（ス）]  ※ [b(ブ)]  [u(ア)],DAY2
but,[バットゥ],接,～だが/しかし,[bu（バ）][t（トゥ）],DAY2
can,[キャン],助,～できる/～しても良い,[ca（キャ）][n（ン）]  ※ [c(ク)]  [a(ア)],DAY3
cap,[キャップ],名,ぼうし/キャップ,[ca（キャ）][p（プ）],DAY3
cat,[キャットゥ],名,ネコ,[ca（キャ）][t（トゥ）],DAY3
cup,[カップ],名,カップ,[cu（カ）][p（プ）]  ※ [c(ク)]  [u(ア)],DAY3
cut,[カットゥ],動,切る,[cu（カ）][t（トゥ）],DAY3
dog,[ドッグ],名,犬,[do（ド）][g（グ）]  ※ [d(ドゥ)]  [o(オ)],DAY3
egg,[エッグ],名,卵,[e（エ）][gg（グ）],DAY3
end,[エンドゥ],名,終わり,[e（エ）][n（ン）][d（ドゥ）],DAY3
end,[エンドゥ],動,終わる/終える,[e（エ）][n（ン）][d（ドゥ）],DAY3
fan,[ファン],名,ファン/扇風機/うちわ,[fa（ファ）][n（ン）]  ※ [f(フ)]  [a(ア)],DAY3
fun,[ファン],名,楽しみ,[fu（ファ）][n（ン）]  ※ [f(フ)]  [u(ア)],DAY3
get,[ゲットゥ],動,手に入れる/～になる,[ge（ゲ）][t（トゥ）]  ※ [g(グ)]  [e(エ)],DAY4
hat,[ハットゥ],名,ぼうし,[ha（ハ）][t（トゥ）]  ※ [h(フ)]  [a(ア)],DAY4
him,[ヒム],代,彼を/彼に,[hi（ヒ）][m（ム）]  ※ [h(フ)]  [i(イ)],DAY4
his,[ヒズ],形,彼の,[hi（ヒ）][s（ズ）],DAY4
his,[ヒズ],代,彼のもの,[hi（ヒ）][s（ズ）],DAY4
hit,[ヒットゥ],動,打つ/たたく,[hi（ヒ）][t（トゥ）],DAY4
hot,[ホットゥ],形,熱い/暑い,[ho（ホ）][t（トゥ）]  ※ [h(フ)]  [o(オ)],DAY4
its,[イッツ],形,それの,[i（イ）][ts（ツ）],DAY4
job,[ジョブ],名,仕事/職,[jo（ジョ）][b（ブ）]  ※ [j(ジュ)]  [o(オ)],DAY4
leg,[レッグ],名,脚,[le（レ）][g（グ）]  ※ [l(ル)]  [e(エ)],DAY4
let,[レットゥ],動,～させる/許可する,[le（レ）][t（トゥ）],DAY4
lip,[リップ],名,くちびる,[li（リ）][p（プ）]  ※ [l(ル)]  [i(イ)],DAY5
man,[マン],名,男性/男の人,[ma（マ）][n（ン）]  ※ [m(ム)]  [a(ア)],DAY5
map,[マップ],名,地図,[ma（マ）][p（プ）],DAY5
not,[ノットゥ],副,～でない,[no（ノ）][t（トゥ）]  ※ [n(ヌ)]  [o(オ)],DAY5
pen,[ペン],名,ペン,[pe（ペ）][n（ン）]  ※ [p(プ)]  [e(エ)],DAY5
pet,[ペットゥ],名,ペット,[pe（ペ）][t（トゥ）],DAY5
pig,[ピッグ],名,ブタ,[pi（ピ）][g（グ）]  ※ [p(プ)]  [i(イ)],DAY5
red,[レッドゥ],名,赤/赤色,[re（レ）][d（ドゥ）]  ※ [r(ル)]  [e(エ)],DAY5
red,[レッドゥ],形,赤い,[re（レ）][d（ドゥ）]  ※ [r(ル)]  [e(エ)],DAY5
run,[ラン],動,走る/経営する,[ru（ラ）][n（ン）]  ※ [r(ル)]  [u(ア)],DAY5
sad,[サッドゥ],形,悲しい,[sa（サ）][d（ドゥ）]  ※ [s(ス)]  [a(ア)],DAY5
sit,[スィットゥ],動,座る,[si（スィ）][t（トゥ）]  ※ [s(ス)]  [i(イ)],DAY6
six,[スィックス],名,6,[si（スィ）][x（クス）],DAY6
son,[サン],名,息子,[so（サ）][n（ン）]  ※ [s(ス)]  [o(ア)],DAY6
sun,[サン],名,太陽,[su（サ）][n（ン）]  ※ [s(ス)]  [u(ア)],DAY6
ten,[テン],名,10,[te（テ）][n（ン）]  ※ [t(トゥ)]  [e(エ)],DAY6
top,[トップ],名,頂上/一番上,[to（ト）][p（プ）]  ※ [t(トゥ)]  [o(オ)],DAY6
wet,[ウェットゥ],形,ぬれている,[we（ウェ）][t（トゥ）]  ※ [w(ウ)]  [e(エ)],DAY6
win,[ウィン],動,勝つ/優勝する,[wi（ウィ）][n（ン）]  ※ [w(ウ)]  [i(イ)],DAY6
yen,[イェン],名,円,[y（イ）][e（エ）][n（ン）],DAY6
yes,[イェス],副,はい,[y（イ）][e（エ）][s（ス）],DAY6
yet,[イェットゥ],副,（否定文で）まだ/(疑問文で）もう,[y（イ）][e（エ）][t（トゥ）],DAY7
back,[バック],副,後ろに/戻って,[ba（バ）][ck（ク）]  ※ [b(ブ)]  [a(ア)],DAY7
back,[バック],名,背中,[ba（バ）][ck（ク）]  ※ [b(ブ)]  [a(ア)],DAY7
ball,[ボール],名,ボール,[b（ブ）][al（オー）][l（ル）],DAY7
bank,[バンク],名,銀行,[ba（バ）][n（ン）][k（ク）],DAY7
bath,[バス],名,風呂/入浴,[ba（バ）][th（ス）],DAY7
call,[コール],動,電話する/呼ぶ,[cal（コー）][l（ル）]  ※ [c(ク)]  [al(オー)],DAY7
camp,[キャンプ],動,キャンプをする,[ca（キャ）][m（ン）][p（プ）]  ※ [c(ク)]  [a(ア)],DAY7
club,[クラブ],名,クラブ/部活,[c（ク）][lu（ラ）][b（ブ）]  ※ [l(ル)]  [u(ア)],DAY7
club,[クラブ],動,,[c（ク）][lu（ラ）][b（ブ）]  ※ [l(ル)]  [u(ア)],DAY7
desk,[デスク],名,机,[de（デ）][s（ス）][k（ク）]  ※ [d(ドゥ)]  [e(エ)],DAY7
doll,[ドール],名,人,[do（ド）][ll（ル）]  ※ [d(ドゥ)]  [o(オ)],DAY7
doll,[ドール],形,,[do（ド）][ll（ル）]  ※ [d(ドゥ)]  [o(オ)],DAY7
drop,[ドゥロップ],動,落とす/落ちる,[d（ドゥ）][ro（ロ）][p（プ）]  ※ [r(ル)]  [o(オ)],DAY8
drum,[ドゥラム],名,たいこ/ドラム,[d（ドゥ）][ru（ラ）][m（ム）]  ※ [r(ル)]  [u(ア)],DAY8
fall,[フォール],名,秋,[fal（フォー）][l（ル）]  ※ [f(フ)]  [al(オー)],DAY8
fall,[フォール],動,落ちる,[fal（フォー）][l（ル）]  ※ [f(フ)]  [al(オー)],DAY8
fast,[ファストゥ],形,速い,[fa（ファ）][s（ス）][t（トゥ）]  ※ [f(フ)]  [a(ア)],DAY8
fast,[ファストゥ],副,速く,[fa（ファ）][s（ス）][t（トゥ）]  ※ [f(フ)]  [a(ア)],DAY8
from,[フロム],前,～から/～出身,[f（フ）][ro（ロ）][m（ム）],DAY8
full,[フル],形,いっぱいの,[fu（フ）][ll（ル）]  ※ [f(フ)]  [u(ウ)],DAY8
glad,[グラッドゥ],形,うれしい,[g（グ）][la（ラ）][d（ドゥ）]  ※ [l(ル)]  [a(ア)],DAY8
golf,[ゴルフ],名,ゴルフ,[go（ゴ）][l（ル）][f（フ）]  ※ [g(グ)]  [o(オ)],DAY8
hand,[ハンドゥ],名,手,[ha（ハ）][n（ン）][d（ドゥ）]  ※ [h(フ)]  [a(ア)],DAY8
help,[ヘルプ],動,,[he（ヘ）][l（ル）][p(プ)]  ※ [h(フ)]  [e(エ)],DAY8
help,[ヘルプ],助,ける/手伝う,[he（ヘ）][l（ル）][p(プ)]  ※ [h(フ)]  [e(エ)],DAY8
help,[ヘルプ],名,,[he（ヘ）][l（ル）][p(プ)]  ※ [h(フ)]  [e(エ)],DAY8
help,[ヘルプ],助,け,[he（ヘ）][l（ル）][p(プ)]  ※ [h(フ)]  [e(エ)],DAY8
hill,[ヒル],名,丘,[hi（ヒ）][ll（ル）]  ※ [h(フ)]  [i(イ)],DAY9
jump,[ジャンプ],動,跳ぶ/ジャンプする,[ju（ジャ）][m（ン）][p（プ）]  ※ [j(ジュ)]  [u(ア)],DAY9
just,[ジャストゥ],副,ちょうど/たった/ただ～だけ,[ju（ジャ）][s（ス）][t（トゥ）],DAY9
kick,[キック],動,蹴る,[ki（キ）][ck（ク）]  ※ [k(ク)]  [i(イ)],DAY9
kill,[キル],動,殺す,[ki（キ）][ll（ル）],DAY9
last,[ラストゥ],形,,[la（ラ）][s（ス）][t（トゥ）]  ※ [l(ル)]  [a(ア)],DAY9
last,[ラストゥ],前,の/最後の,[la（ラ）][s（ス）][t（トゥ）]  ※ [l(ル)]  [a(ア)],DAY9
last,[ラストゥ],動,続く,[la（ラ）][s（ス）][t（トゥ）]  ※ [l(ル)]  [a(ア)],DAY9
left,[レフトゥ],名,左,[le（レ）][f（フ）][t（トゥ）]  ※ [l(ル)]  [e(エ)],DAY9
left,[レフトゥ],形,左の,[le（レ）][f（フ）][t（トゥ）]  ※ [l(ル)]  [e(エ)],DAY9
left,[レフトゥ],副,左に,[le（レ）][f（フ）][t（トゥ）]  ※ [l(ル)]  [e(エ)],DAY9
lend,[レンドゥ],動,貸す,[le（レ）][n（ン）][d（ドゥ）],DAY9
live,[リヴ],動,住む/生きる/暮らす※最後のeは発音しない,[li（リ）][ve（ヴ）]  ※ [l(ル)]  [i(イ)],DAY9
long,[ロング],形,長い,[lo（ロ）][n（ン）][g（グ）]  ※ [l(ル)]  [o(オ)],DAY9
luck,[ラック],名,運/幸運,[lu（ラ）][ck（ク）]  ※ [l(ル)]  [u(ア)],DAY10
math,[マス],名,数学,[ma（マ）][th（ス）]  ※ [m(ム)]  [a(ア)],DAY10
milk,[ミルク],名,牛乳,[mi（ミ）][l（ル）][k（ク）]  ※ [m(ム)]  [i(イ)],DAY10
miss,[ミス],動,～を逃す/～がいなくてさびしく思う,[mi（ミ）][ss（ス）],DAY10
must,[マストゥ],助,～しなければならない,[mu（マ）][s（ス）][t（トゥ）]  ※ [m(ム)]  [u(ア)],DAY10
next,[ネクストゥ],形,次の,[ne（ネ）][x（クス）][t（トゥ）]  ※ [n(ヌ)]  [e(エ)],DAY10
pass,[パス],動,通り過ぎる/手渡す/（時が）過ぎる/合格する,[pa（パ）][ss（ス）]  ※ [p(プ)]  [a(ア)],DAY10
plan,[プラン],名,計画,[p（プ）][la（ラ）][n（ン）]  ※ [l(ル)]  [a(ア)],DAY10
plan,[プラン],動,計画する,[p（プ）][la（ラ）][n（ン）]  ※ [l(ル)]  [a(ア)],DAY10
pond,[ポンドゥ],名,池,[po（ポ）][n（ン）][d（ドゥ）]  ※ [p(プ)]  [o(オ)],DAY10
pull,[プル],動,引く/引っ張る,[pu（プ）][ll（ル）]  ※ [p(プ)]  [u(ウ)],DAY10
rock,[ロック],名,岩/（音楽の）ロック,[ro（ロ）][ck（ク）]  ※ [r(ル)]  [o(オ)],DAY11
sell,[セル],動,売る,[se（セ）][ll（ル）]  ※ [s(ス)]  [e(エ)],DAY11
send,[センドゥ],動,送る,[se（セ）][n（ン）][d（ドゥ）],DAY11
sick,[スィック],形,病気の/気分が悪い,[si（スィ）][ck（ク）]  ※ [s(ス)]  [i(イ)],DAY11
soft,[ソフトゥ],形,やわらかい,[so（ソ）][f（フ）][t（トゥ）]  ※ [s(ス)]  [o(オ)],DAY11
stop,[ストップ],動,やめる/止まる,[s（ス）][to（ト）][p（プ）]  ※ [t(トゥ)]  [o(オ)],DAY11
swim,[スウィム],動,泳ぐ,[s（ス）][wi（ウィ）][m（ム）]  ※ [w(ウ)]  [i(イ)],DAY11
tall,[トール],形,背が高い,[tal（トー）][l（ル）]  ※ [t(トゥ)]  [al(オー)],DAY11
tell,[テル],動,話す/伝える/教える,[te（テ）][ll（ル）]  ※ [t(トゥ)]  [e(エ)],DAY11
test,[テストゥ],名,テスト,[te（テ）][s（ス）][t（トゥ）],DAY11
trip,[トゥリップ],名,旅行,[t（トゥ）][ri（リ）][p（プ）]  ※ [r(ル)]  [i(イ)],DAY12
wall,[ウォール],名,壁,[wal（ウォー）][l（ル）]  ※ [w(ウ)]  [al(オー)],DAY12
well,[ウェル],副,上手に/よく,[we（ウェ）][ll（ル）]  ※ [w(ウ)]  [e(エ)],DAY12
well,[ウェル],形,元気な間ええと,[we（ウェ）][ll（ル）]  ※ [w(ウ)]  [e(エ)],DAY12
west,[ウェストゥ],名,西,[we（ウェ）][s（ス）][t（トゥ）],DAY12
west,[ウェストゥ],形,西の,[we（ウェ）][s（ス）][t（トゥ）],DAY12
west,[ウェストゥ],副,西に,[we（ウェ）][s（ス）][t（トゥ）],DAY12
will,[ウィル],助,～するつもりだ/～だろう/～しよう,[wi（ウィ）][ll（ル）]  ※ [w(ウ)]  [i(イ)],DAY12
wind,[ウィンドゥ],名,風,[wi（ウィ）][n（ン）][d（ドゥ）],DAY12
apple,[アップル],名,りんご※最後のeは発音しない,[a（ア）][pp（プ）][le（ル）],DAY12
black,[ブラック],名,黒色,[b（ブ）][la（ラ）][ck（ク）]  ※ [l(ル)]  [a(ア)],DAY12
black,[ブラック],形,黒い,[b（ブ）][la（ラ）][ck（ク）]  ※ [l(ル)]  [a(ア)],DAY12
class,[クラス],名,授業/クラス,[c（ク）][la（ラ）][ss（ス）],DAY12
dress,[ドゥレス],名,ドレス/服装,[d（ドゥ）][re（レ）][ss（ス）]  ※ [r(ル)]  [e(エ)],DAY12
drink,[ドゥリンク],動,飲む,[d（ドゥ）][ri（リ）][n（ン）][k（ク）]  ※ [r(ル)]  [i(イ)],DAY13
fifth,[フィフス],名,5番目/5日,[fi（フィ）][f（フ）][th（ス）]  ※ [f(フ)]  [i(イ)],DAY13
fifty,[フィフティ],名,50,[fi（フィ）][f（フ）][ty（ティ）]  ※ [t(トゥ)]  [y(イー)],DAY13
funny,[ファニー],形,面白い/おかしな,[fu（ファ）][nny（ニー）]  ※ [f（フ）]  [u（ア）]  [n(ヌ)]  [y(イー)],DAY13
glass,[グラス],名,グラス/ガラス,[g（グ）][la（ラ）][ss（ス）]  ※ [l(ル)]  [a(ア)],DAY13
happy,[ハッピー],形,うれしい/幸せな,[ha（ハ）][ppy（ピー）]  ※ [h（フ）]  [a（ア）]  [p(プ)]  [y(イー)],DAY13
hobby,[ホビー],名,趣味,[ho（ホ）][bby（ビー）]  ※ [h（フ）]  [o（オ）]  [b(ブ)]  [y(イー)],DAY13
month,[マンス],名,（暦の）月,[mo（マ）][n（ン）][th（ス）]  ※ [m(ム)]  [o(ア)],DAY13
plant,[プラントゥ],名,植物,[p（プ）][la（ラ）][n（ン）][t（トゥ）],DAY13
sixth,[スィックスス],名,６番目/６日,[si（スィ）][x（クス）][th（ス）]  ※ [s(ス)]  [i(イ)],DAY13
sixty,[スィクスティ],名,60,[si（スィ）][x（クス）][ty（ティ）]  ※ [t(トゥ)]  [y(イー)],DAY14
skill,[スキル],名,技術,[s（ス）][ki（キ）][ll（ル）]  ※ [k(ク)]  [i(イ)],DAY14
small,[スモール],形,小さい,[s（ス）][mal（モー）][l（ル）]  ※ [m(ム)]  [al(オー)],DAY14
smell,[スメル],動,～のにおいがする,[s（ス）][me（メ）][ll（ル）]  ※ [m(ム)]  [e(エ)],DAY14
smell,[スメル],名,におい,[s（ス）][me（メ）][ll（ル）]  ※ [m(ム)]  [e(エ)],DAY14
spend,[スペンドゥ],動,（お金・時間を）費やす,[s（ス）][pe（ペ）][n（ン）][d（ドゥ）]  ※ [p(プ)]  [e(エ)],DAY14
stamp,[スタンプ],名,切手,[s（ス）][ta（タ）][m（ン）][p（プ）]  ※ [t(トゥ)]  [a(ア)],DAY14
stand,[スタンドゥ],動,立つ,[s（ス）][ta（タ）][n（ン）][d（ドゥ）],DAY14
still,[スティル],副,まだ/今でも,[s（ス）][ti（ティ）][ll（ル）]  ※ [t(トゥ)]  [i(イ)],DAY14
sunny,[サニー],形,晴れた,[su（サ）][nny（ニー）]  ※ [s(ス)]  [u(ア)]  [n(ヌ)]  [y(イー)],DAY14
tenth,[テンス],名,１０番目/10日,[te（テ）][n（ン）][th（ス）]  ※ [t(トゥ)]  [e(エ)],DAY14
windy,[ウィンディ],形,風の強い,[wi（ウィ）][n（ン）][dy（ディー）]  ※ [d(ドゥ)]  [y(イー)],DAY15
basket,[バスケット],名,かご,[ba（バ）][s（ス）][ke（ケ）][t（トゥ）]  ※ [k(ク)]  [e(エ)],DAY15
happen,[ハプン],動,起こる※eは発音しない,[ha（ハ）][ppen（プン）] ,DAY15
little,[リトゥル],形,小さい/ほとんど～ない/（aがつくと）少しの～,[li（リ）][tt（トゥ）][le（ル）]           ※ 最後のeは発音しない,DAY15
pocket,[ポケットゥ],名,ポケット,[po（ポ）][cke（ケ）][t（トゥ）]  ※ [ck(ク)]  [e(エ)],DAY15
pretty,[プリティ],形,かわいい,[p（プ）][re（リ）][tty（ティ）]  ※ [r（ル）]  [e（イ）]  [t(トゥ)]  [y(イー)],DAY15
pretty,[プリティ],副,かなり,[p（プ）][re（リ）][tty（ティ）]  ※ [r（ル）]  [e（イ）]  [t(トゥ)]  [y(イー)],DAY15
rabbit,[ラビットゥ],名,ウサギ,[ra（ラ）][bbi（ビ）][t（トゥ）]  ※ [r（ル）]  [a（ア）]  [b(ブ)]  [i(イ)],DAY15
tennis,[テニス],名,テニス,[te（テ）][nni（ニ）][s（ス）]  ※ [t（トゥ）]  [e（エ）]  [n(ヌ)]  [i(イ)],DAY15
fifteen,[フィフティーン],名,15,[fi（フィ）][f（フ）][tee（ティー）][n（ン）]  ※ [t(トゥ)]  [ee(イー)],DAY15
happily,[ハピリー],副,楽しそうに/幸せそうに,[ha（ハ）][ppi（ピ）][ly（リー）]  ※ [l(ル)]  [y(イー)],DAY15
sixteen,[スィックスティーン],名,16,[si（スィ）][x（クス）][tee（ティー）][n（ン）],DAY16
fifteenth,[フィフティーンス],名,15番目/15日,[fi（フィフ）][f（フ）][tee（ティー）][n（ン）][th（ス）],DAY16
sixteenth,[スィックスティーンス],名,１６番目/16日,[si（スィ）][x（クス）][tee（ティー）][n（ン）][th（ス）],DAY16
the,[ザ],冠,その,[the（ザ）],DAY16
that,[ザットゥ],代,あれ/あの,[tha（ザ）][t（トゥ）]  ※ [th(ズ)]  [a(ア)],DAY16
that,[ザットゥ],形,あの/その,[tha（ザ）][t（トゥ）]  ※ [th(ズ)]  [a(ア)],DAY16
that,[ザットゥ],接,～ということ,[tha（ザ）][t（トゥ）]  ※ [th(ズ)]  [a(ア)],DAY16
this,[ディス],代,これ,[thi（ディ）][s（ス）],DAY16
this,[ディス],形,この,[thi（ディ）][s（ス）],DAY16
these,[ズィーズ],代,これら,[th（ズ）][e（イー）][se（ズ）] ,DAY16
these,[ズィーズ],形,これらの※最後のeは発音しない,[th（ズ）][e（イー）][se（ズ）] ,DAY16
those,[ゾウズ],代,あれら/それら,[th（ズ）][o（オウ）][se（ズ）]         ※ 最後のeは発音しない,DAY16
those,[ゾウズ],形,あれらの/それらの,[th（ズ）][o（オウ）][se（ズ）]         ※ 最後のeは発音しない,DAY16
them,[ゼム],代,彼らを[に]/彼女らを[に]/それらを[に],[th（ズ）][e（エ）][m（ム）],DAY16
both,[ボウス],代,両方,[bo（ボウ）][th（ス）]  ※ [b(ブ)]  [o(オウ)],DAY16
both,[ボウス],形,両方の,[bo（ボウ）][th（ス）]  ※ [b(ブ)]  [o(オウ)],DAY16
much,[マッチ],形,多くの/多量の,[mu（マ）][ch（チ）]  ※ [m(ム)]  [u(ア)],DAY17
much,[マッチ],代,多量,[mu（マ）][ch（チ）]  ※ [m(ム)]  [u(ア)],DAY17
much,[マッチ],副,とても,[mu（マ）][ch（チ）]  ※ [m(ム)]  [u(ア)],DAY17
such,[サッチ],形,そのような,[su（サ）][ch（チ）]  ※ [s(ス)]  [u(ア)],DAY17
what,[ワットゥ],代,（疑問詞）何※hは発音しない,[wha（ワ）][t（トゥ）] ,DAY17
when,[ウェン],副,（疑問詞）いつ※hは発音しない,[wh（ウ）][en（エン）],DAY17
where,[ウェア],副,（疑問詞）どこで/どこに※hは発音しない,[whe（ウェ）][re（アー）],DAY17
who,[フー],代,（疑問詞）誰※wは発音しない,[wh（フ）][o（ウー）] ,DAY17
why,[ワイ],副,（疑問詞）なぜ※hは発音しない,[why（ワイ）]  ※ [w(ウ)]  [y(アイ)],DAY17
which,[ウィッチ],代,（疑問詞）どちら/どれ,[whi（ウィ）][ch（チ）]                    ※ hは発音しない,DAY17
which,[ウィッチ],形,（疑問詞）どの,[whi（ウィ）][ch（チ）]                    ※ hは発音しない,DAY17
whose,[フーズ],代,（疑問詞）誰のもの,[who（フー）][se（ズ）]                ※ wとeは発音しない,DAY17
whose,[フーズ],形,誰の～,[who（フー）][se（ズ）]                ※ wとeは発音しない,DAY17
anything,[エニスィング],代,（疑問文で）何か/（否定文で）何も/（肯定文で）何でも,[any（エニー）][th（ス）][ing（イング）],DAY17
something,[サムスィング],代,（肯定文で）何か※eは発音しない,[so（サ）][me（ム）][th（ス）][ing（イング）],DAY18
everything,[エヴリスィング],代,全てのこと/あらゆること※eは発音しない,[e（エ）][ve（ヴ）][ry（リー）][th（ス）][ing（イング）],DAY18
than,[ザン],接,～よりも（→比較級と一緒に使う）,[tha（ザ）][n（ン）]  ※ [th(ズ)]  [a(ア)],DAY18
while,[ワイル],接,～する間に,[whi（ワイ）][le（ル）]  ※ [w(ウ)]  [i(アイ)],DAY18
while,[ワイル],名,しばらくの間※hとeは発音しない,[whi（ワイ）][le（ル）]  ※ [w(ウ)]  [i(アイ)],DAY18
through,[スルー],前,～を通して/～の間ずっと※ghは発音しない,[th（ス）][rough（ルー）]  ※ [r(ル)]  [ou(ウー)],DAY18
without,[ウィザウトゥ],前,～なしで,[wi（ウィ）][th（ズ）][o（ア）][u（ウ）][t（トゥ）],DAY18
with,[ウィズ],前,～と一緒に/～を用いて[た]/～を持った[て],[wi（ウィ）][th（ズ）],DAY18
then,[ゼン],副,そのとき/それから/それなら,[th（ズ）][en（エン）],DAY18
there,[ゼア],副,そこで/そこに,[the（ゼ）][re（アー）]  ※ [th(ズ)]  [e(エ)],DAY18
o’clock,[オクロック],副,～時,[o（オ）][c（ク）][lo（ロ）][ck（ク）]  ※ [l(ル)]  [o(オ)],DAY18
should,[シュッドゥ],助,～すべきだ※lは発音しない,[shoul（シュ）][d（ドゥッ）]  ※ [sh(シ)]  [ou(ウ)],DAY19
quick,[クイック],形,すばやい/速い,[qu（ク）][i（イ）][ck（ク）]  ※ [q(ク)]  [u(ウ)],DAY19
quickly,[クイックリー],副,すばやく/速く,[qu（ク）][i（イ）][ck（ク）][ly（リー）]  ※ [l(ル)]  [y(イー)],DAY19
fresh,[フレッシュ],形,新鮮な,[f（フ）][re（レ）][sh（シ）]  ※ [r(ル)]  [e(エ)],DAY19
rich,[リッチ],形,裕福(ゆうふく)な,[ri（リ）][ch（チ）]  ※ [r(ル)]  [i(イ)],DAY19
wrong,[ロング],形,間違った※wは発音しない,[wro（ロ）][n（ン）][g（グ）]  ※ [r(ル)]  [o(オ)],DAY19
watch,[ウォッチ],動,見る,[wa（ウォ）][tch（チ）]  ※ [w(ウ)]  [a(オ)],DAY19
watch,[ウォッチ],名,腕時計,[wa（ウォ）][tch（チ）]  ※ [w(ウ)]  [a(オ)],DAY19
wash,[ウォッシュ],動,洗う,[wa（ウォ）][sh（シ）],DAY19
wish,[ウィッシュ],動,～を願う/～だといいなと思う,[wi（ウィ）][sh（シ）]  ※ [w(ウ)]  [i(イ)],DAY19
wish,[ウィッシュ],名,願い,[wi（ウィ）][sh（シ）]  ※ [w(ウ)]  [i(イ)],DAY19
sing,[スィング],動,歌う,[si（スィ）][n（ン）][g（グ）] ※ [s(ス)]  [i(イ)],DAY19
think,[スィンク],動,思う/考える,[th（ス）][i（イ）][n（ン）][k（ク）],DAY20
thank,[サンク],動,感謝する,[th（ス）][a（ア）][n（ン）][k（ク）],DAY20
catch,[キャッチ],動,つかまえる,[ca（キャ）][tch（チ）]  ※ [c(ク)]  [a(ア)],DAY20
check,[チェック],動,確認する/調べる,[che（チェ）][ck（ク）]  ※ [ch(チ)]  [e(エ)],DAY20
brush,[ブラッシュ],動,みがく,[b（ブ）][ru（ブラ）][sh（シ）]  ※ [r(ル)]  [u(ア)],DAY20
fish,[フィッシュ],名,魚,[fi（フィ）][sh（シ）]  ※ [f(フ)]  [i(イ)],DAY20
fish,[フィッシュ],動,魚つりをする,[fi（フィ）][sh（シ）]  ※ [f(フ)]  [i(イ)],DAY20
change,[チェインジ],動,変わる/～を変える,[cha（チェイ）][n（ン）][ge（ジ）]  ※ [ch(チ)]  [a(エイ)],DAY20
change,[チェインジ],名,変化/小銭(こぜに),[cha（チェイ）][n（ン）][ge（ジ）]  ※ [ch(チ)]  [a(エイ)],DAY20
finish,[フィニッシュ],動,終える,[fi（フィ）][ni（ニ）][sh（シ）]  ※ [f(フ)]  [i(イ)],DAY20
bring,[ブリング],動,持ってくる/連れてくる,[b（ブ）][ri（リ）][n（ン）][g（グ）]  ※ [r(ル)]  [i(イ)],DAY20
pick,[ピック],動,選ぶ/摘(つ)む,[pi（ピ）][ck（ク）]  ※ [p(プ)]  [i(イ)],DAY20
push,[プッシュ],動,押す,[pu（プ）][sh（シ）]  ※ [p(プ)]  [u(ウ)],DAY21
knock,[ノック],動,（ドアを）ノックする※kは発音しない,[kno（ノ）][ck（ク）] ,DAY21
three,[スリー],名,3,[th（ス）][ree（リー）]  ※ [r(ル)]  [ee(イー)],DAY21
thirteen,[サーティーン],名,13,[thir（サー）][tee（ティー）][n（ン）]  ※ [th(ス)]  [ir(アー)],DAY21
thirty,[サーティ],名,30,[thir（サー）][ty（ティ）]  ※ [t(トゥ)]  [y(イー)],DAY21
third,[サードゥ],名,3番目/3日,[thir（サー）][d（ドゥ）],DAY21
thirteenth,[サーティーンス],名,１３番目/13日,[thir（サー）][tee（ティー）][n（ン）][th（ス）],DAY21
thirtieth,[サーティエス],名,30番目/30日,[thir（サー）][ti（ティ）][e（エ）][th（ス）]  ※ [t(トゥ)]  [i(イ)],DAY21
spring,[スプリング],名,春,[s（ス）][p（プ）][ri（リ）][n（ン）][g（グ）],DAY21
clock,[クロック],名,時計,[c（ク）][lo（ロ）][ck（ク）]  ※ [l(ル)]  [o(オ)],DAY21
box,[ボックス],名,箱,[bo（ボ）][x（クス）]  ※ [b(ブ)]  [o(オ)],DAY22
lunch,[ランチ],名,昼食,[lu（ラ）][n（ン）][ch（チ）]  ※ [l(ル)]  [u(ア)],DAY22
shop,[ショップ],名,店,[sho（ショ）][p（プ）]  ※ [sh(シ)]  [o(オ)],DAY22
swimming,[スウィミング],名,水泳,[s（ス）][wi（ウィ）][mm（ム）][i（イ）][n（ン）][g（グ）],DAY22
fishing,[フィッシング],名,魚つり,[fi（フィ）][sh（シ）][ing（イング）]  ※ [f(フ)]  [i(イ)],DAY22
shopping,[ショッピング],名,買い物,[sho（ショ）][pp（プ）][ing（イング）],DAY22
chicken,[チキン],名,とり肉/ニワトリ,[chi（チ）][ck（ク）][en（イン）]  ※ [ch(チ)]  [i(イ)],DAY22
sandwich,[サンドゥウィッチ],名,サンドイッチ,[sa（サ）][n（ン）][d（ドゥ）][wi（ウィ）][ch（チ）],DAY22
dish,[ディッシュ],名,皿/料理,[di（ディ）][sh（シ）]  ※ [d(ドゥ)]  [i(イ)],DAY22
racket,[ラケットゥ],名,ラケット,[ra（ラ）][ck（ク）][et（エットゥ）]  ※ [r(ル)]  [a(ア)],DAY22
match,[マッチ],名,試合/マッチ,[ma（マ）][tch（チ）]  ※ [m(ム)]  [a(ア)],DAY23
child,[チャイルドゥ],名,子ども,[chi（チャイ）][l（ル）][d（ドゥ）]  ※ [ch(チ)]  [i(アイ)],DAY23
children,[チルドゥレン],名,子どもたち,[chi（チ）][l（ル）][d（ドゥ）][re（レ）][n（ン）]  ※ [ch(チ)]  [i(イ)],DAY23
neck,[ネック],名,首,[ne（ネ）][ck（ク）]  ※ [n(ヌ)]  [e(エ)],DAY23
tooth,[トゥース],名,歯,[t（トゥ）][oo（ウー）][th（ス）],DAY23
thing,[スィング],名,もの/こと,[th（ス）][ing（イング）],DAY23
bridge,[ブリッジ],名,橋,[b（ブ）][ri（リ）][dge（ジ）],DAY23
song,[ソング],名,歌/曲,[so（ソ）][n（ン）][g（グ）]  ※ [s(ス)]  [o(オ)],DAY23
friendship,[フレンドゥシップ],名,友情/友好関係,[f（フ）][rien（レン）][d（ドゥ）][shi（シ）][p（プ）],DAY23
chance,[チャンス],名,機会/可能性※最後のeは発音しない,[cha（チャ）][n（ン）][ce（ス）]  ※ [ch(チ)]  [a(ア)],DAY23
ticket,[ティケットゥ],名,切符/チケット,[ti（ティ）][cke（ケ）][t（トゥ）]  ※ [ck(ク)]  [e(エ)],DAY24
phone,[フォーン],名,電話※pとhが続くとfの音になる,[pho（フォー）][ne（ン）]  ※ [ph(フ)]  [o(オー)],DAY24
ring,[リング],名,指輪,[ri（リ）][n（ン）][g（グ）]  ※ [r(ル)]  [i(イ)],DAY24
ring,[リング],動,（ベルなどが）鳴る,[ri（リ）][n（ン）][g（グ）]  ※ [r(ル)]  [i(イ)],DAY24
photo,[フォウトウ],名,写真,[pho（フォウ）][to（トウ）]  ※ [ph(フ)]  [o(オウ)],DAY24
bench,[ベンチ],名,ベンチ,[be（ベ）][n（ン）][ch（チ）]  ※ [b(ブ)]  [e(エ)],DAY24
kitchen,[キッチン],名,台所,[ki（キ）][tch（チ）][e（イ）][n（ン）],DAY24
church,[チャーチ],名,教会,[ch（チ）][ur（アー）][ch（チ）],DAY24
shoe,[シュー],名,靴(くつ)※eは発音しない,[sh（シ）][oe（ウー）]  ※ [o(ウー)],DAY24
make,[メイク],動,作る/～にする※eは発音しない,[ma（メイ）][ke（ク）] ,DAY24
take,[テイク],動,取る/連れて行く/持って行く/（時間が）かかる,[ta（テイ）][ke（ク）]  ※ [t(トゥ)]  [a(エイ)]  ※ eは発音しない,DAY24
cake,[ケイク],名,ケーキ※最後のeは発音しない,[ca（ケイ）][ke（ク）]  ※ [c(ク)]  [a(エイ)],DAY25
lake,[レイク],名,湖※最後のeは発音しない,[la（レイ）][ke（ク）]  ※ [l(ル)]  [a(エイ)],DAY25
rice,[ライス],名,ごはん/米※最後のeは発音しない,[ri（ライ）][ce（ス）]  ※ [r(ル)]  [i(アイ)],DAY25
ice,[アイス],名,氷※最後のeは発音しない,[i（アイ）][ce（ス）] ,DAY25
nice,[ナイス],形,すてきな※最後のeは発音しない,[ni（ナイ）][ce（ス）]  ※ [n(ヌ)]  [i(アイ)],DAY25
face,[フェイス],名,顔※最後のeは発音しない,[fa（フェイ）][ce（ス）]  ※ [f(フ)]  [a(エイ)],DAY25
place,[プレイス],名,場所※最後のeは発音しない,[p（プ）][la（レイ）][ce（ス）]  ※ [l(ル)]  [a(エイ)],DAY25
like,[ライク],動,好む/好き,[li（ライ）][ke（ク）]  ※ [l(ル)]  [i(アイ)]  ※ 最後のeは発音しない,DAY25
like,[ライク],前,～のような[に],[li（ライ）][ke（ク）]  ※ [l(ル)]  [i(アイ)]  ※ 最後のeは発音しない,DAY25
use,[ユーズ],動,使う,[u（ユー）][se（ズ）],DAY25
use,[ユーズ],名,使用※最後のeは発音しない,[u（ユー）][se（ズ）],DAY25
ride,[ライドゥ],動,乗る※最後のeは発音しない,[ri（ライ）][de（ドゥ）],DAY25
write,[ライトゥ],動,書く※wとeは発音しない,[wri（ライ）][te（トゥ）]  ※ [r(ル)]  [i(アイ)],DAY26
drive,[ドライヴ],動,運転する※最後のeは発音しない,[d（ドゥ）][ri（ライ）][ve（ヴ）],DAY26
dive,[ダイヴ],動,潜(もぐ)る/飛び込む※最後のeは発音しない,[di（ダイ）][ve（ヴ）]  ※ [d(ドゥ)]  [i(アイ)],DAY26
decide,[ディサイドゥ],動,決める/決心する※最後のeは発音しない,[de（ディ）][ci（サイ）][de（ドゥ）]  ※ [c(ス)]  [i(アイ)],DAY26
invite,[インヴァイトゥ],動,招待する※最後のeは発音しない,[in（イン）][vi（ヴァイ）][te（トゥ）]  ※ [v(ヴ)]  [i(アイ)],DAY26
smile,[スマイル],動,ほほえむ,[s（ス）][mi（マイ）][le（ル）]  ※ [m(ム)]  [i(アイ)],DAY26
smile,[スマイル],名,ほほえみ※最後のeは発音しない,[s（ス）][mi（マイ）][le（ル）]  ※ [m(ム)]  [i(アイ)],DAY26
hope,[ホウプ],動,望む,[ho（ホウ）][pe（プ）]  ※ [h(フ)]  [o(オウ)],DAY26
hope,[ホウプ],名,望み※最後のeは発音しない,[ho（ホウ）][pe（プ）]  ※ [h(フ)]  [o(オウ)],DAY26
save,[セイヴ],動,救う/節約する/貯める※最後のeは発音しない,[sa（セイ）][ve（ヴ）]  ※ [s(ス)]  [a(エイ)] ,DAY26
wave,[ウェイヴ],名,波,[wa（ウェイ）][ve（ヴ）]  ※ [w(ウ)]  [a(エイ)],DAY26
wave,[ウェイヴ],動,手を振る※最後のeは発音しない,[wa（ウェイ）][ve（ヴ）]  ※ [w(ウ)]  [a(エイ)],DAY26
close,[クロウズ]     ※ 形は[クロウス]と発音,動,閉める,[c（ク）][lo（ロウ）][se（ズ）]  ※ [l(ル)]  [o(オウ)],DAY26
close,[クロウズ]     ※ 形は[クロウス]と発音,形,近い※最後のeは発音しない,[c（ク）][lo（ロウ）][se（ズ）]  ※ [l(ル)]  [o(オウ)],DAY26
wake,[ウェイク],動,目を覚ます/起こす※最後のeは発音しない,[wa（ウェイ）][ke（ク）]  ※ [w(ウ)]  [a(エイ)],DAY27
hike,[ハイク],動,ハイキングをする※最後のeは発音しない,[hi（ハイ）][ke（ク）]  ※ [h(フ)]  [i(アイ)],DAY27
cute,[キュートゥ],形,かわいい※最後のeは発音しない,[cu（キュー）][te（トゥ）]  ※ [c(ク)]  [u(ユー)],DAY27
fine,[ファイン],形,元気な/晴れた/すばらしい※最後のeは発音しない,[fi（ファイ）][ne（ン）]  ※ [f(フ)]  [i(アイ)],DAY27
white,[ワイトゥ],名,白,[whi（ワイ）][te（トゥ）]  ※ [w(ウ)]  [i(アイ)],DAY27
white,[ワイトゥ],形,白い※hとeは発音しない,[whi（ワイ）][te（トゥ）]  ※ [w(ウ)]  [i(アイ)],DAY27
brave,[ブレイヴ],形,勇敢な※最後のeは発音しない,[b（ブ）][ra（レイ）][ve（ヴ）]  ※ [r(ル)]  [a(エイ)],DAY27
useful,[ユースフル],形,役に立つ※eは発音しない,[u（ユー）][se（ス）][fu（フ）][l（ル）]  ※ [f(フ)]  [u(ウ)],DAY27
strange,[ストゥレインジ],形,奇妙な,[s（ス）][t（トゥ）][ra（レイ）][n（ン）][ge（ジ）],DAY27
wide,[ワイドゥ],形,（幅の）広い※最後のeは発音しない,[wi（ワイ）][de（ドゥ）],DAY27
safe,[セイフ],形,安全な※最後のeは発音しない,[sa（セイ）][fe（フ）]  ※ [s(ス)]  [a(エイ)],DAY27
polite,[ポライトゥ],形,丁寧な/礼儀正しい※最後のeは発音しない,[po（ポ）][li（ライ）][te（トゥ）]  ※ [l(ル)]  [i(アイ)],DAY28
five,[ファイヴ],名,５※最後のeは発音しない,[fi（ファイ）][ve（ヴ）]  ※ [f(フ)]  [i(アイ)],DAY28
nine,[ナイン],名,９※最後のeは発音しない,[ni（ナイ）][ne（ン）]  ※ [n(ヌ)]  [i(アイ)],DAY28
nineteen,[ナインティーン],名,１９※最初のeは発音しない,[ni（ナイ）][ne（ン）][tee（ティー）][n（ン）]  ※ [t(トゥ)]  [ee(イー)],DAY28
ninety,[ナインティー],名,90※eは発音しない,[ni（ナイ）][ne（ン）][ty（ティ）]  ※ [t(トゥ)]  [y(イー)],DAY28
ninth,[ナインス],名,9番目/9日,[ni（ナイ）][n（ン）][th（ス）],DAY28
nineteenth,[ナインティーンス],名,１９番目/19日※最初のeは発音しない,[ni（ナイ）][ne（ン）][tee（ティー）][n（ン）][th（ス）],DAY28
twice,[トゥワイス],副,２度/2回※最後のeは発音しない,[t（トゥ）][wi（ワイ）][ce（ス）]  ※ [w(ウ)]  [i(アイ)],DAY28
date,[デイトゥ],名,日付※最後のeは発音しない,[da（デイ）][te（トゥ）]  ※ [d(ドゥ)]  [a(エイ)],DAY28
time,[タイム],名,時間/時刻/～回※最後のeは発音しない,[ti（タイ）][me（ム）]  ※ [t(トゥ)]  [i(アイ)],DAY28
evening,[イーヴニング],名,夕方/夜※2つ目のeは発音しない,[e（イー）][ve（ヴ）][ni（ニ）][n（ン）][g（グ）] ,DAY29
later,[レイター],副,後で,[la（レイ）][ter（ター）]  ※ [l(ル)]  [a(エイ)]  [t(トゥ)]  [er(アー)],DAY29
late,[レイトゥ],形,遅れた,[la（レイ）][te（トゥ）],DAY29
late,[レイトゥ],副,遅く※最後のeは発音しない,[la（レイ）][te（トゥ）],DAY29
since,[スィンス],前,～から（ずっと）,[si（スィ）][n（ン）][ce（ス）]          ※ 最後のeは発音しない,DAY29
since,[スィンス],接,～以来,[si（スィ）][n（ン）][ce（ス）]          ※ 最後のeは発音しない,DAY29
sometime,[サムタイム],副,いつか※2つのeは発音しない,[so（サ）][me（ム）][ti（タイ）][me（ム）]  ※ [t(トゥ)]  [i(アイ)],DAY29
life,[ライフ],名,人生/生活/生命※最後のeは発音しない,[li（ライ）][fe（フ）]  ※ [l(ル)]  [i(アイ)],DAY29
June,[ジューン],名,6月※最後のeは発音しない,[Ju（ジュー）][ne（ン）]  ※ [j(ジュ)]  [u(ユー)],DAY29
ice cream,[アイスクリーム],名,アイスクリーム※最初のeは発音しない,[i（アイ）][ce（ス）]  [c（ク）][rea（リー）][m（ム）],DAY29
nose,[ノウズ],名,鼻※最後のeは発音しない,[no（ノウ）][se（ズ）]  ※ [n(ヌ)]  [o(オウ)],DAY29
stomachache,[ストマッケイク],名,腹痛※最後のeは発音しない,[s（ス）][to（ト）][ma（マ）][ch（ク）][a（エイ）][che（ク）],DAY29
headache,[ヘデイク],名,頭痛※最後のh/eは発音しない,[hea（ヘ）][d（ドゥ）][a（エイ）][che（ク）]  ※ [ea(エ)],DAY30
home,[ホウム],名,家/家庭,[ho（ホウ）][me（ム）]  ※ [h(フ)]  [o(オウ)],DAY30
home,[ホウム],副,家に※最後のeは発音しない,[ho（ホウ）][me（ム）]  ※ [h(フ)]  [o(オウ)],DAY30
same,[セイム],形,同じ※最後のeは発音しない,[sa（セイ）][me（ム）]  ※ [s(ス)]  [a(エイ)],DAY30
name,[ネイム],名,,[na（ネイ）][me（ム）]  ※ [n(ヌ)]  [a(エイ)],DAY30
name,[ネイム],名,,[na（ネイ）][me（ム）]  ※ [n(ヌ)]  [a(エイ)],DAY30
name,[ネイム],前,,[na（ネイ）][me（ム）]  ※ [n(ヌ)]  [a(エイ)],DAY30
name,[ネイム],動,,[na（ネイ）][me（ム）]  ※ [n(ヌ)]  [a(エイ)],DAY30
name,[ネイム],名,付ける※最後のeは発音しない,[na（ネイ）][me（ム）]  ※ [n(ヌ)]  [a(エイ)],DAY30
table,[テイブル],名,テーブル※最後のeは発音しない,[ta（テイ）][b（ブ）][le（ル）] ,DAY30
plane,[プレイン],名,飛行機※最後のeは発音しない,[p（プ）][la（レイ）][ne（ン）]  ※ [l(ル)]  [a(エイ)],DAY30
bike,[バイク],名,自転車※最後のeは発音しない,[bi（バイ）][ke（ク）]  ※ [b(ブ)]  [i(アイ)],DAY30
shrine,[シュライン],名,神社※最後のeは発音しない,[sh（シ）][ri（ライ）][ne（ン）]  ※ [r(ル)]  [i(アイ)],DAY30
baseball,[ベイスボール],名,野球※eは発音しない,[ba（ベイ）][se（ス）][bal（ボー）][l（ル）]  ※ [al(オー)]  [l(ル)],DAY30
game,[ゲイム],名,試合/ゲーム※最後のeは発音しない,[ga（ゲイ）][me（ム）]  ※ [g(グ)]  [a(エイ)],DAY30
eraser,[イレイサー],名,消しゴム,[e（イ）][ra（レイ）][ser（サー）]  ※ [s(ス)]  [er(アー)],DAY31
meter,[ミーター],名,メートル,[me（ミー）][ter（ター）]  ※ [t(トゥ)]  [er(アー)],DAY31
page,[ペイジ],名,ページ,[pa（ペイ）][ge（ジ）]  ※ [p(プ)]  [a(エイ)],DAY31
tape,[テイプ],名,テープ※最後のeは発音しない,[ta（テイ）][pe（プ）]  ※ [t(トゥ)]  [a(エイ)],DAY31
rule,[ルール],名,規則/ルール,[ru（ルー）][le（ル）]                ※ 最後のeは発音しない,DAY31
rule,[ルール],動,支配する,[ru（ルー）][le（ル）]                ※ 最後のeは発音しない,DAY31
stone,[ストーン],名,石※最後のeは発音しない,[s（ス）][to（トー）][ne（ン）]  ※ [t(トゥ)]  [o(オー)],DAY31
price,[プライス],名,値段※最後のeは発音しない,[p（プ）][ri（ライ）][ce（ス）]  ※ [r(ル)]  [i(アイ)]  [c(ス)],DAY31
plate,[プレイトゥ],名,皿※最後のeは発音しない,[p（プ）][la（レイ）][te（トゥ）]  ※ [l(ル)]  [a(エイ)],DAY31
size,[サイズ],名,大きさ/サイズ※最後のeは発音しない,[si（サイ）][ze（ズ）]  ※ [s(ス)]  [i(アイ)],DAY31
title,[タイトゥル],名,題,[ti（タイ）][t（トゥ）][le（ル）]  ※ [t(トゥ)]  [i(アイ)],DAY31
title,[タイトゥル],名,/タイトル※最後のeは発音しない,[ti（タイ）][t（トゥ）][le（ル）]  ※ [t(トゥ)]  [i(アイ)],DAY31
side,[サイドゥ],名,側/側面※最後のeは発音しない,[si（サイ）][de（ドゥ）]  ※ [s(ス)]  [i(アイ)],DAY32
line,[ライン],名,列※最後のeは発音しない,[li（ライ）][ne（ン）]  ※ [l(ル)]  [i(アイ)],DAY32
paper,[ペイパー],名,紙/新聞/レポート,[pa（ペイ）][per（パー）]  ※ [p(プ)]  [a(エイ)]  [er(アー)],DAY32
mistake,[ミステイク],名,間違い/誤り※最後のeは発音しない,[mi（ミ）][s（ス）][ta（テイ）][ke（ク）]  ※ [t(トゥ)]  [a(エイ)],DAY32
advice,[アドゥヴァイス],名,,[a（ア）][d（ドゥ）][vi（ヴァイ）][ce（ス）]  ※ [v(ヴ)]  [i(アイ)],DAY32
advice,[アドゥヴァイス],助,言/アドバイス※最後のeは発音しない,[a（ア）][d（ドゥ）][vi（ヴァイ）][ce（ス）]  ※ [v(ヴ)]  [i(アイ)],DAY32
taste,[テイストゥ],名,味,[ta（テイ）][s（ス）][te（トゥ）]        ※ 最後のeは発音しない,DAY32
taste,[テイストゥ],動,～の味がする/味わう,[ta（テイ）][s（ス）][te（トゥ）]        ※ 最後のeは発音しない,DAY32
stage,[ステイジ],名,舞台/ステージ/段階,[s（ス）][ta（テイ）][ge（ジ）]         ※ 最後のeは発音しない,DAY32
mine,[マイン],代,私のもの※最後のeは発音しない,[mi（マイ）][ne（ン）]  ※ [m(ム)]  [i(アイ)],DAY32
shape,[シェイプ],名,,[sha（シェイ）][pe（プ）]  ※ [sh(シ)]  [a(エイ)],DAY32
shape,[シェイプ],形,※最後のeは発音しない,[sha（シェイ）][pe（プ）]  ※ [sh(シ)]  [a(エイ)],DAY32
inside,[インサイドゥ],副,内側で/内側に,[in（イン）][si（サイ）][de（ドゥ）]      ※ 最後のeは発音しない,DAY32
inside,[インサイドゥ],前,～の中に,[in（イン）][si（サイ）][de（ドゥ）]      ※ 最後のeは発音しない,DAY32
driver,[ドゥライヴァー],名,運転手,[d（ドゥ）][ri（ライ）][ver（ヴァー）]  ※ [v(ヴ)]  [er(アー)],DAY33
e-mail,[イーメイル],名,電子メール,[e（イー）][mai（メイ）][l（ル）]  ※ [m(ム)]  [ai(エイ)],DAY33
play,[プレイ],動,遊ぶ/（スポーツを）する/演奏する,[p（プ）][lay（レイ）]  ※ [l(ル)]  [ay(エイ)],DAY33
read,[リードゥ],動,読む,[rea（リー）][d（ドゥ）]  ※ [r(ル)]  [ea(イー)],DAY33
see,[スィー],動,見る/見える/会う,[s（ス）][ee（イー）],DAY33
speak,[スピーク],動,話す,[s（ス）][pea（ピー）][k（ク）]  ※ [p(プ)]  [ea(イー)],DAY33
enjoy,[エンジョイ],動,楽しむ,[en（エン）][joy（ジョイ）]  ※ [j(ジュ)]  [oy(オイ)],DAY33
know,[ノウ],動,知っている※kは発音しない,[kn（ヌ）][ow（オウ）],DAY33
join,[ジョイン],動,加わる/参加する,[jo（ジョ）][i（イ）][n（ン）]  ※ [j(ジュ)]  [o(オ)],DAY33
teach,[ティーチ],動,教える,[tea（ティー）][ch（チ）]  ※ [t(トゥ)]  [ea(イー)],DAY33
meet,[ミートゥ],動,会う,[mee（ミー）][t（トゥ）]  ※ [m(ム)]  [ee(イー)],DAY34
wait,[ウェイトゥ],動,待つ,[wai（ウェイ）][t（トゥ）]  ※ [w(ウ)]  [ai(エイ)],DAY34
draw,[ドゥロー],動,（絵などを）描く,[d（ドゥ）][raw（ロー）]  ※ [r(ル)]  [aw(オー)],DAY34
wear,[ウェア],動,着ている/身につけている,[we（ウェ）][ar（アー）]  ※ [w(ウ)]  [e(エ)],DAY34
throw,[スロウ],動,投げる,[th（ス）][row（ロウ）]  ※ [r(ル)]  [ow(オウ)],DAY34
leave,[リーヴ],動,去る/出発する/置き忘れる/残す,[lea（リー）][ve（ヴ）]  ※ [l(ル)]  [ea(イー)]  ※ 最後のeは発音しない,DAY34
clean,[クリーン],動,掃除する,[c（ク）][lea（リー）][n（ン）]  ※ [l(ル)]  [ea(イー)],DAY34
clean,[クリーン],形,きれいな,[c（ク）][lea（リー）][n（ン）]  ※ [l(ル)]  [ea(イー)],DAY34
dream,[ドゥリーム],名,夢,[d（ドゥ）][rea（リー）][m（ム）]  ※ [r(ル)]  [ea(イー)],DAY34
dream,[ドゥリーム],動,夢を見る,[d（ドゥ）][rea（リー）][m（ム）]  ※ [r(ル)]  [ea(イー)],DAY34
rain,[レイン],動,雨が降る,[rai（レイ）][n（ン）]  ※ [r(ル)]  [ai(エイ)],DAY34
rain,[レイン],名,雨,[rai（レイ）][n（ン）]  ※ [r(ル)]  [ai(エイ)],DAY34
snow,[スノウ],動,雪が降る,[s（ヌ）][now（ノウ）]  ※ [n(ヌ)]  [ow(オウ)],DAY34
snow,[スノウ],名,雪,[s（ヌ）][now（ノウ）]  ※ [n(ヌ)]  [ow(オウ)],DAY34
say,[セイ],動,言う,[s（ス）][ay（エイ）],DAY35
hold,[ホウルドゥ],動,持つ/つかむ/開催する,[ho（ホウ）][l（ル）][d（ドゥ）]  ※ [h(フ)]  [o(オウ)],DAY35
feel,[フィール],動,感じる,[fee（フィー）][l（ル）]  ※ [f(フ)]  [ee(イー)],DAY35
break,[ブレイク],動,壊す/折る,[b（ブ）][rea（レイ）][k（ク）]  ※ [r(ル)]  [ea(エイ)],DAY35
break,[ブレイク],名,休憩,[b（ブ）][rea（レイ）][k（ク）]  ※ [r(ル)]  [ea(エイ)],DAY35
show,[ショウ],動,見せる/示す,[sh（シ）][ow（オウ）],DAY35
stay,[ステイ],動,滞在する/いる/泊まる,[s（ス）][tay（テイ）]  ※ [t(トゥ)]  [ay(エイ)],DAY35
spread,[スプレッドゥ],動,広がる/広げる,[s（ス）][p（プ）][rea（レ）][d（ドゥ）]  ※ [r(ル)]  [ea(エ)],DAY35
spread,[スプレッドゥ],名,広がり,[s（ス）][p（プ）][rea（レ）][d（ドゥ）]  ※ [r(ル)]  [ea(エ)],DAY35
keep,[キープ],動,保つ/～し続ける/（,[kee（キー）][p（プ）]  ※ [k(ク)]  [ee(イー)],DAY35
keep,[キープ],動,物を）飼う,[kee（キー）][p（プ）]  ※ [k(ク)]  [ee(イー)],DAY35
grow,[グロウ],動,成長する/育つ/育てる,[g（グ）][row（ロウ）]  ※ [r(ル)]  [ow(オウ)],DAY35
increase,[インクリース],動,増える/増やす※最後のeは発音しない,[in（イン）][c（ク）][rea（リー）][se（ス）]  ※ [r(ル)]  [ea(イー)],DAY35
need,[ニードゥ],動,必要とする,[nee（ニー）][d（ドゥ）]  ※ [n(ヌ)]  [ee(イー)],DAY36
need,[ニードゥ],名,必要,[nee（ニー）][d（ドゥ）]  ※ [n(ヌ)]  [ee(イー)],DAY36
build,[ビルドゥ],動,建てる,[bui（ビ）][l（ル）][d（ドゥ）],DAY36
receive,[リスィーヴ],動,受け取る※最後のeは発音しない,[re（リ）][cei（スィー）][ve（ヴ）]  ※ [c(ス)]  [ei(イー)],DAY36
believe,[ビリーヴ],動,信じる/思う※最後のeは発音しない,[be（ビ）][lie（リー）][ve（ヴ）]  ※ [l(ル)]  [ie(イー)],DAY36
follow,[フォロウ],動,従う/～についていく,[fo（フォ）][llow（ロウ）]  ※ [l(ル)]  [ow(オウ)],DAY36
choose,[チューズ],動,選ぶ※最後のeは発音しない,[ch（チ）][oo（ウー）][se（ズ）],DAY36
paint,[ペイントゥ],動,絵を描く/（ペンキなどを）塗る,[pai（ペイ）][n（ン）][t（トゥ）]  ※ [p(プ)]  [ai(エイ)],DAY36
repeat,[リピートゥ],動,繰り返す/繰り返して言う,[re（リ）][pea（ピー）][t（トゥ）]  ※ [p(プ)]  [ea(イー)],DAY36
reach,[リーチ],動,着く/届く,[rea（リー）][ch（チ）]  ※ [r(ル)]  [ea(イー)],DAY36
pay,[ペイ],動,支払う,[p（プ）][ay（エイ）],DAY36
laugh,[ラフ],動,笑う,[lau（ラ）][gh（フ）],DAY37
laugh,[ラフ],名,笑い※gは発音しない,[lau（ラ）][gh（フ）],DAY37
mean,[ミーン],動,意味する,[mea（ミー）][n（ン）]  ※ [m(ム)]  [ea(イー)],DAY37
explain,[エクスプレイン],動,説明する,[ex（エクス）][p（プ）][lai（レイ）][n（ン）]  ※ [l(ル)]  [ai(エイ)],DAY37
agree,[アグリー],動,賛成する/同意する,[a（ア）][g（グ）][ree（リー）]  ※ [r(ル)]  [ee(イー)],DAY37
great,[グレイトゥ],形,すばらしい/偉大な,[g（グ）][rea（レイ）][t（トゥ）]  ※ [r(ル)]  [ea(エイ)],DAY37
high,[ハイ],形,高い※ghは発音しない,[high（ハイ）]  ※ [h(フ)]  [i(アイ)],DAY37
sweet,[スウィートゥ],形,甘い,[s（ス）][wee（ウィー）][t（トゥ）]  ※ [w(ウ)]  [ee(イー)],DAY37
slow,[スロウ],形,遅い,[s（ス）][low（ロウ）]  ※ [l(ル)]  [ow(オウ)],DAY37
sleepy,[スリーピー],形,眠い,[s（ス）][lee（リー）][py（ピー）]  ※ [p(プ)]  [y(イー)],DAY37
weak,[ウィーク],形,弱い,[wea（ウィー）][k（ク）]  ※ [w(ウ)]  [ea(イー)],DAY37
heavy,[ヘヴィー],形,重い/激しい,[hea（ヘ）][vy（ヴィー）]  ※ [h(フ)]  [ea(エ)],DAY38
afraid,[アフレイドゥ],形,こわい/心配して/残念に思って,[a（ア）][f（フ）][rai（レイ）][d（ドゥ）]  ※ [r(ル)]  [ai(エイ)],DAY38
proud,[プラウドゥ],形,誇りに思って,[p（プ）][rou（ラウ）][d（ドゥ）]  ※ [r(ル)]  [ou(アウ)],DAY38
TRUE,[トゥルー],形,本当の/真実の/本物の,[t（トゥ）][rue（ルー）]               ※ 最後のeは発音しない,DAY38
real,[リアル],形,本当の/現実の/本物の,[re（リ）][a（ア）][l（ル）],DAY38
free,[フリー],形,ひまな/自由な/無料の,[f（フ）][ree（リー）]  ※ [r(ル)]  [ee(イー)],DAY38
own,[オウン],形,自分自身の,[ow（オウ）][n（ン）],DAY38
own,[オウン],動,所有している,[ow（オウ）][n（ン）],DAY38
low,[ロウ],形,低い,[l（ル）][ow（オウ）],DAY38
cheap,[チープ],形,安い,[chea（チー）][p（プ）]  ※ [ch(チ)]  [ea(イー)],DAY38
deep,[ディープ],形,深い,[dee（ディー）][p（プ）]  ※ [d(ドゥ)]  [ee(イー)],DAY38
main,[メイン],形,主な/主要な,[mai（メイ）][n（ン）]  ※ [m(ム)]  [ai(エイ)],DAY39
crowded,[クラウディドゥ],形,混み合った,[c（ク）][row（ラウ）][d（ドゥ）][ed（イドゥ）]  ※ [ow(アウ)],DAY39
dead,[デッドゥ],形,死んでいる,[dea（デ）][d(ドゥ）]  ※ [d(ドゥ)]  [ea(エ)],DAY39
ready,[レディー],形,準備ができた/用意ができた,[rea（レ）][dy（ディー）]  ※ [r(ル)]  [ea(エ)]  [d（ドゥ）]  [y（イー）],DAY39
noisy,[ノイジー],形,騒がしい,[no（ノ）][i（イ）][sy（ジー）]  ※ [s(ズ)]  [y(イー)],DAY39
brown,[ブラウン],名,茶色,[b（ブ）][row（ラウ）][n（ン）]  ※ [r(ル)]  [ow(アウ)],DAY39
brown,[ブラウン],形,茶色い,[b（ブ）][row（ラウ）][n（ン）]  ※ [r(ル)]  [ow(アウ)],DAY39
green,[グリーン],名,緑色,[g（グ）][ree（リー）][n（ン）]  ※ [r(ル)]  [ee(イー)],DAY39
green,[グリーン],形,緑の,[g（グ）][ree（リー）][n（ン）]  ※ [r(ル)]  [ee(イー)],DAY39
yellow,[イエロウ],名,黄色,[y（イ）][e（エ）][llow（ロウ）]  ※ [l(ル)]  [ow(オウ)],DAY39
yellow,[イエロウ],形,黄色の,[y（イ）][e（エ）][llow（ロウ）]  ※ [l(ル)]  [ow(オウ)],DAY39
cloudy,[クラウディー],形,くもりの,[c（ク）][lou（ラウ）][dy（ディー）]  ※ [l(ル)]  [ou(アウ)],DAY39
rainy,[レイニー],形,雨の/雨降りの,[rai（レイ）][ny（ニー）]  ※ [r(ル)]  [ai(エイ)]  [n(ヌ)]  [y(イー)],DAY39
snowy,[スノウウィー],形,雪の/雪降りの,[s（ス）][no（ノウ）][wy（ウィー）]  ※ [w(ウ)]  [y(イー)],DAY40
light,[ライトゥ],名,光/明かり,[li（ライ）][ght（トゥ）],DAY40
light,[ライトゥ],形,明るい/軽い※ghは発音しない,[li（ライ）][ght（トゥ）],DAY40
eight,[エイトゥ],名,８※ghは発音しない,[e（エ）][i（イ）][ght（トゥ）],DAY40
eighth,[エイス],名,８番目/8日※ghは発音しない,[e（エ）][i（イ）][ghth(ス)],DAY40
eighteen,[エイティーン],名,１８※ghは発音しない,[eigh（エイ）][tee（ティー）][n（ン）]  ※ [t(トゥ)]  [ee(イー)],DAY40
eighteenth,[エイティーンス],名,１８番目/１８日,[eigh（エイ）][teen（ティーン）][th（ンス）]  ※ ghは発音しない,DAY40
eighty,[エイティ],名,80,[eigh（エイ）][ty（ティ）]  ※ ghは発音しない,DAY40
day,[デイ],名,日/1日,[d（ドゥ）][ay（エイ）],DAY40
today,[トゥデイ],名,今日,[to（トゥ）][day（デイ）]  ※ [d(ドゥ)]  [ay(エイ)],DAY40
today,[トゥデイ],副,今日（は）,[to（トゥ）][day（デイ）]  ※ [d(ドゥ)]  [ay(エイ)],DAY40
night,[ナイトゥ],名,夜,[ni（ナイ）][ght（トゥ）]  ※ [n(ヌ)]  [i(アイ)]  ※ ghは発音しない,DAY40
tomorrow,[トゥモロウ],名,明日,[to（トゥ）][mo（モ）][rrow（ロウ）]  ※ [r(ル)]  [ow(オウ)],DAY41
tomorrow,[トゥモロウ],副,明日（は）,[to（トゥ）][mo（モ）][rrow（ロウ）]  ※ [r(ル)]  [ow(オウ)],DAY41
slowly,[スロウリー],副,ゆっくりと,[s（ス）][low（ロウ）][ly（リー）]  ※ [l(ル)]  [ow(オウ)],DAY41
tonight,[トゥナイトゥ],名,今夜,[to（トゥ）][ni（ナイ）][ght（トゥ）],DAY41
tonight,[トゥナイトゥ],副,今夜（は）※ghは発音しない,[to（トゥ）][ni（ナイ）][ght（トゥ）],DAY41
always,[オールウェイズ],副,いつも,[al（オール）][way（ウェイ）][s（ズ）]  ※ [w(ウ)]  [ay(エイ)],DAY41
now,[ナウ],副,今,[n（ヌ）][ow（アウ）],DAY41
someday,[サムデイ],副,いつか※eは発音しない,[so（サ）][me（ム）][day（デイ）]  ※ [d(ドゥ)]  [ay(エイ)],DAY41
soon,[スーン],副,すぐに/まもなく,[s（ス）][oo（ウー）][n（ン）],DAY41
May,[メイ],名,5月,[M（ム）][ay（エイ）],DAY41
Sunday,[サンデイ],名,日曜日,[Su（サ）][n（ン）][day（デイ）]  ※ [s(ス)]  [u(ア)],DAY41
Monday,[マンデイ],名,月曜日,[Mo（マ）][n（ン）][day（デイ）]  ※ [m(ム)]  [o(ア)],DAY41
Friday,[フライデイ],名,金曜日,[F（フ）][ri（ライ）][day（デイ）]  ※ [r(ル)]  [i(アイ)],DAY42
week,[ウィーク],名,週/１週間,[wee（ウィー）][k（ク）]  ※ [w(ウ)]  [ee(イー)],DAY42
weekend,[ウィークエンド],名,週末,[wee（ウィー）][k（ク）][en（エン）][d（ドゥ）],DAY42
autumn,[オータム],名,秋※nは発音しない,[au（オー）][tumn（タム）] ,DAY42
season,[スィーズン],名,季節※oは発音しない,[sea（スィー）][son（ズン）]  ※ [s(ス)]  [ea(イー)],DAY42
holiday,[ホリデイ],名,休日,[ho（ホ）][li（リ）][day（デイ）]  ※ [d(ドゥ)]  [ay(エイ)],DAY42
tea,[ティー],名,お茶/紅茶,[t（トゥ）][ea（イー）],DAY42
fruit,[フルートゥ],名,果物,[f（フ）][rui（ルー）][t（トゥ）],DAY42
beef,[ビーフ],名,牛肉,[bee（ビー）][f（フ）]  ※ [b(ブ)]  [ee(イー)],DAY42
bread,[ブレッドゥ],名,パン,[b（ブ）][rea（レ）][d（ドゥ）]  ※ [r(ル)]  [ea(エ)],DAY42
cheese,[チーズ],名,チーズ※最後のeは発音しない,[chee（チー）][se（ズ）]  ※ [ch(チ)]  [ee(イー)],DAY43
soup,[スープ],名,スープ,[sou（スー）][p（プ）]  ※ [s(ス)]  [ou(ウー)],DAY43
steak,[ステイク],名,ステーキ,[s（ス）][tea（テイ）][k（ク）]  ※ [t(トゥ)]  [ea(エイ)],DAY43
coffee,[コーフィー],名,コーヒー,[co（コー）][ffee（フィー）]  ※ [f(フ)]  [ee(イー)],DAY43
juice,[ジュース],名,ジュース※eは発音しない,[jui（ジュー）][ce（ス）] ,DAY43
food,[フードゥ],名,食べ物,[f（フ）][oo（ウー）][d（ドゥ）],DAY43
town,[タウン],名,町,[to（タ）][wn（ウン）]  ※ [w(ウ)]  [n(ン)],DAY43
sound,[サウンドゥ],名,音,[so（サ）][u（ウ）][n（ン）][d（ドゥ）]  ※ [s(ス)]  [o(ア)],DAY43
sound,[サウンドゥ],動,～に聞こえる,[so（サ）][u（ウ）][n（ン）][d（ドゥ）]  ※ [s(ス)]  [o(ア)],DAY43
street,[ストゥリートゥ],名,通り,[s（ス）][t（トゥ）][ree（リー）][t（トゥ）]  ※ [r(ル)]  [ee(イー)],DAY43
house,[ハウス],名,家※eは発音しない,[ho（ハ）][u（ウ）][se（ス）]  ※ [h(フ)]  [o(ア)],DAY43
subway,[サブウェイ],名,地下鉄,[su（サ）][b（ブ）][way（ウェイ）]  ※ [w(ウ)]  [ay(エイ)],DAY44
train,[トゥレイン],名,電車/列車,[t（トゥ）][rai（レイ）][n（ン）]  ※ [r(ル)]  [ai(エイ)],DAY44
road,[ロードゥ],名,道/道路,[roa（ロー）][d（ドゥ）]  ※ [r(ル)]  [oa(オー)],DAY44
south,[サウス],名,南,[so（サ）][u（ウ）][th（ス）]  ※ [s(ス)]  [o(ア)],DAY44
south,[サウス],形,南の,[so（サ）][u（ウ）][th（ス）]  ※ [s(ス)]  [o(ア)],DAY44
south,[サウス],副,南に,[so（サ）][u（ウ）][th（ス）]  ※ [s(ス)]  [o(ア)],DAY44
east,[イーストゥ],名,東,[ea（イース）][s（ス）][t（トゥ）],DAY44
east,[イーストゥ],形,東の,[ea（イース）][s（ス）][t（トゥ）],DAY44
east,[イーストゥ],副,東に,[ea（イース）][s（ス）][t（トゥ）],DAY44
zoo,[ズー],名,,[z（ズ）][oo（ウー）],DAY44
zoo,[ズー],動,物園,[z（ズ）][oo（ウー）],DAY44
beach,[ビーチ],名,浜辺/砂浜,[bea（ビー）][ch（チ）]  ※ [b(ブ)]  [ea(イー)],DAY44
mountain,[マウントゥン],名,山,[mo（マ）][u（ウ）][n（ン）][tain（トゥン）],DAY44
sea,[スィー],名,海,[s（ス）][ea（イー）],DAY44
flower,[フラワー],名,花,[f（フ）][lo（フラ）][wer（ワー）]  ※ [w(ウ)]  [er(アー)],DAY44
tree,[トゥリー],名,木,[t（トゥ）][ree（リー）]  ※ [r(ル)]  [ee(イー)],DAY45
cloud,[クラウドゥ],名,雲,[c（ク）][lo（ラ）][u（ウ）][d（ドゥ）]  ※ [l(ル)]  [o(ア)],DAY45
rainbow,[レインボウ],名,虹,[rai（レイ）][n（ン）][bow（ボウ）]  ※ [b(ブ)]  [ow(オウ)],DAY45
country,[カントリー],名,国,[cou（カ）][n（ン）][t（トゥ）][ry（リー）]  ※ [r(ル)]  [y(イー)],DAY45
Australia,[オーストゥレイリア],名,オーストラリア,[Au（オー）][s（スゥ）][t（トゥ）][ra（レイ）][li（イリ）][a（ア）],DAY45
Australian,[オーストゥレイリアン],名,オーストラリア人,[Au（オー）][st（ストゥ）][ra（レイ）][li（イリ）][an（アン）],DAY45
Australian,[オーストゥレイリアン],形,オーストラリアの,[Au（オー）][st（ストゥ）][ra（レイ）][li（イリ）][an（アン）],DAY45
Spain,[スペイン],名,スペイン,[S（ス）][pai（ペイ）][n（ン）]  ※ [p(プ)]  [ai(エイ)],DAY45
hometown,[ホウムタウン],名,故郷※eは発音しない,[ho（ホウ）][me（ム）][t（トゥ）][ow（アウ）][n（ン）],DAY45
sightseeing,[サイトゥスィーイング],名,観光※ghは発音しない,[si（サイ）][ght（トゥ）][see（スィー）][ing（イング）],DAY45
teacher,[ティーチャー],名,先生/教師,[tea（ティー）][ch（チ）][er（アー）]  ※ [t(トゥ)]  [ea(イー)],DAY45
team,[ティーム],名,チーム,[tea（ティー）][m（ム）]  ※ [t(トゥ)]  [ea(イー)],DAY46
leader,[リーダー],名,指導者/リーダー,[lea（リー）][der（ダー）]  ※ [l(ル)]  [ea(イー)],DAY46
coach,[コーチ],名,コーチ,[coa（コー）][ch（チ）]  ※ [c(ク)]  [oa(オー)],DAY46
group,[グループ],名,集団/グループ,[g（グ）][rou（ルー）][p（プ）]  ※ [r(ル)]  [ou(ウー)],DAY46
meeting,[ミーティング],名,会議/ミーティング,[mee（ミー）][t（トゥ）][ing（イング）]  ※ [m(ム)]  [e(イー)],DAY46
mouse,[マウス],名,ネズミ※最後のeは発音しない,[mo（マ）][u（ウ）][se（ス）] ,DAY46
sheep,[シープ],名,ヒツジ,[sh（シ）][ee（イー）][p（プ）],DAY46
boy,[ボーイ],名,男の子,[bo（ボ）][y（イ）]  ※ [b(ブ)]  [o(オ)],DAY46
she,[シー],代,彼女は,[sh（シ）][e（イー）],DAY46
they,[ゼイ],代,彼らは/彼女らは/それらは,[th（ズ）][e（エ）][y（イ）],DAY46
cousin,[カズン],名,いとこ※iは発音しない,[cou（カ）][sin（ズン）]  ※ [c(ク)]  [ou(ア)],DAY47
head,[ヘッドゥ],名,頭,[hea（ヘ）][d（ドゥ）]  ※ [h(フ)]  [ea(エ)],DAY47
cheek,[チーク],名,ほお,[chee（チー）][k（ク）]  ※ [ch(チ)]  [e(イー)],DAY47
mouth,[マウス],名,口,[mo（マ）][u（ウ）][th（ス）]  ※ [m(ム)]  [o(ア)],DAY47
key,[キー],名,カギ,[k（ク）][ey（イー）],DAY47
window,[ウィンドウ],名,窓,[wi（ウィン）][n（ン）][d（ドゥ）][ow（オウ）],DAY47
toy,[トウイ],名,おもちゃ,[t（トゥ）][o（オウ）][y（イ）],DAY47
suit,[スートゥ],名,スーツ,[sui（スー）][t（トゥ）]  ※ [s(ス)]  [ui(ウー)],DAY47
down,[ダウン],副,下に,[do（ダウ）][wn（ウン）]  ※ [w(ウ)]  [n(ン)],DAY47
right,[ライトゥ],名,右/権利,[ri（ライ）][ght（トゥ）]  ※ [r(ル)]  [i(アイ)]  ※ ghは発音しない,DAY47
right,[ライトゥ],形,右の/正しい,[ri（ライ）][ght（トゥ）]  ※ [r(ル)]  [i(アイ)]  ※ ghは発音しない,DAY47
right,[ライトゥ],副,右に,[ri（ライ）][ght（トゥ）]  ※ [r(ル)]  [i(アイ)]  ※ ghは発音しない,DAY47
straight,[ストゥレイトゥ],副,まっすぐに,[s（ス）][t（トゥ）][rai（レイ）][ght（トゥ）]  ※ [r(ル)]  [ai(エイ)],DAY48
straight,[ストゥレイトゥ],形,まっすぐな※ghは発音しない,[s（ス）][t（トゥ）][rai（レイ）][ght（トゥ）]  ※ [r(ル)]  [ai(エイ)],DAY48
out,[アウトゥ],副,外で/外に,[o（ア）][u（ウ）][t（トゥ）],DAY48
outside,[アウトゥサイドゥ],副,外に/外で,[o（ア）][u（ウ）][t（トゥ）][si（サイ）][de（ドゥ）],DAY48
outside,[アウトゥサイドゥ],前,～の外に※最後のeは発音しない,[o（ア）][u（ウ）][t（トゥ）][si（サイ）][de（ドゥ）],DAY48
between,[ビットゥウィーン],前,～の間に,[be（ビ）][t（トゥ）][wee（ウィー）][n（ン）]  ※ [ee(イー)],DAY48
about,[アバウトゥ],前,～について/約～,[a（ア）][bo（バ）][u（ウ）][t（トゥ）]  ※ [b(ブ)]  [o(ア)],DAY48
how,[ハウ],副,（疑問詞）どのように,[h（フ）][ow（アウ）],DAY48
because,[ビコーズ],接,（なぜなら）～なので※最後のeは発音しない,[be（ビ）][cau（コー）][se（ズ）]  ※ [c(ク)]  [au(オー)],DAY48
really,[リアリー],副,本当に/とても,[re（リ）][a（ア）][lly（リー）]  ※ [l(ル)]  [y(イー)],DAY48
too,[トゥー],副,～もまた/～すぎる,[t（トゥ）][oo（ウー）],DAY48
easily,[イーズィリー],副,簡単に,[ea（イー）][si（ジ）][ly（リー）]  ※ [s(ズ)]  [i(イ)],DAY48
abroad,[アブロード],副,海外で/海外へ,[a（ア）][b（ブ）][roa（ロー）][d（ドゥ）]  ※ [r(ル)]  [oa(オー)],DAY49
again,[アゲン],副,再び/また※発音は「アゲイン」ではない,[a（ア）][gain（ゲン）] ,DAY49
please,[プリーズ],副,～してください,[p（プ）][lea（リー）][se（ズ）]  ※ [l(ル)]  [ea(イー)],DAY49
please,[プリーズ],動,喜ばせる※eは発音しない,[p（プ）][lea（リー）][se（ズ）]  ※ [l(ル)]  [ea(イー)],DAY49
away,[アウェイ],副,離れて,[a（ア）][way（ウェイ）]  ※ [w(ウ)]  [ay(エイ)],DAY49
already,[オールレディ],副,すでに/もう,[al（オール）][rea（レ）][dy（ディ）]  ※ [r(ル)]  [ea(エ)],DAY49
may,[メイ],助,～かもしれない/～してもよい,[m（ム）][ay（エイ）],DAY49
maybe,[メイビー],副,たぶん/もしかすると,[m（ム）][ay（エイ）][be（ビー）],DAY49
few,[フュー],形,ほとんど～ない/（aが付くと）少しの～,[f（フ）][ew（ユー）],DAY49
each,[イーチ],形,それぞれの,[ea（イー）][ch（チ）],DAY49
way,[ウェイ],名,道/方法,[w（ウ）][ay（エイ）],DAY49
news,[ニューズ],名,知らせ/ニュース※発音は「ニュース」ではない,[new（ニュー）][s（ズ）]  ※ [n(ヌ)]  [ew(ユー)],DAY50
newspaper,[ニューズペイパー],名,新聞,[new（ニュー）][s（ズ）][pa（ペイ）][per（パー）],DAY50
speech,[スピーチ],名,演説/スピーチ,[s（ス）][pee（ピー）][ch（チ）]  ※ [p(プ)]  [ee(イー)],DAY50
view,[ヴュー],名,眺め/景色,[vi（ヴ）][ew（ユー）],DAY50
audience,[オーディエンス],名,聴衆/観客※最後のeは発音しない,[au（オー）][di（ディ）][en（エン）][ce（ス）],DAY50
courage,[カリッジ],名,勇気,[cou（カ）][ra（リ）][ge（ジ）]  ※ [c(ク)]  [ou(ア)],DAY50
voice,[ヴォイス],名,声※最後のeは発音しない,[vo（ヴォ）][i（イ）][ce（ス）]  ※ [v(ヴ)]  [o(オ)],DAY50
power,[パワー],名,力/能力,[po（パ）][wer（ワー）]  ※ [w(ウ)]  [er(アー)],DAY50
reason,[リーズン],名,理由※最後のoは発音しない,[rea（リー）][son（ズン）]  ※ [r(ル)]  [ea(イー)],DAY50
goal,[ゴウル],名,目標,[g（グ）][oa（オウ）][l（ル）],DAY50
heat,[ヒートゥ],名,熱/暑さ,[hea（ヒー）][t（トゥ）]  ※ [h(フ)]  [ea(イー)],DAY51
meaning,[ミーニング],名,意味,[mea（ミー）][ni（ニ）][n（ン）][g（グ）]  ※ [m(ム)]  [ea(イー)],DAY51
speed,[スピードゥ],名,速度,[s（ス）][pee（ピー）][d（ドゥ）]  ※ [p(プ)]  [ee(イー)],DAY51
health,[ヘルス],名,健康,[hea（ヘ）][l（ル）][th（ス）]  ※ [h(フ)]  [ea(エ)],DAY51
trouble,[トゥラブル],名,心配/困難/トラブル※最後のeは発音しない,[t（トゥ）][rou（ラ）][ble（ル）]  ※ [r(ル)]  [ou(ア)],DAY51
point,[ポイントゥ],名,点/要点/ポイント,[po（ポ）][i（ポイ）][n（ン）][t（トゥ）]  ※ [p(プ)]  [o(オ)],DAY51
point,[ポイントゥ],動,指さす,[po（ポ）][i（ポイ）][n（ン）][t（トゥ）]  ※ [p(プ)]  [o(オ)],DAY51
turn,[ターン],動,曲がる/向きを変える/回す,[tur（ター）][n（ン）]  ※ [t(トゥ)]  [ur(アー)],DAY51
start,[スタートゥ],動,始める/始まる,[s（ス）][tar（ター）][t（トゥ）]  ※ [t(トゥ)]  [ar(アー)],DAY51
care,[ケア],動,気にする,[c（ク）][are（エアー）],DAY51
care,[ケア],名,世話/注意,[c（ク）][are（エアー）],DAY51
answer,[アンサー],動,答える,[a（ア）][n（ン）][swer（サー）]  ※ [s(ス)]  [er（ア）],DAY51
answer,[アンサー],名,答え※wは発音しない,[a（ア）][n（ン）][swer（サー）]  ※ [s(ス)]  [er（ア）],DAY51
hear,[ヒア],動,聞く/耳にする,[he（ヒ）][ar（アー）],DAY52
understand,[アンダースタンドゥ],動,理解する,[u（ア）][n（ン）][der（ダー）][s（ス）][ta（タ）][n（ン）][d（ドゥ）],DAY52
work,[ワーク],動,働く,[wor（ワー）][k（ク）]  ※ [w(ウ)]  [or(アー)],DAY52
work,[ワーク],名,仕事/作品,[wor（ワー）][k（ク）]  ※ [w(ウ)]  [or(アー)],DAY52
learn,[ラーン],動,学ぶ/習う/知る,[lear（ラー）][n（ン）]  ※ [l(ル)]  [ear(アー)],DAY52
remember,[リメンバー],動,覚えている/思い出す,[re（リ）][me（メ）][m（ン）][ber（バー）]  ※ [b(ブ)]  [er(アー)],DAY52
forget,[フォゲットゥ],動,忘れる,[for（フォー）][ge（ゲ）][t（トゥ）]  ※ [f(フ)]  [or(オー)],DAY52
arrive,[アライヴ],動,到着する/着く※最後のeは発音しない,[a（ア）][rri（ライ）][ve（ヴ）]  ※ [r(ル)]  [i(アイ)],DAY52
appear,[アピアー],動,現れる,[a（ア）][ppe（ピ）][ar（アー）]  ※ [p(プ)]  [e(イ)],DAY52
disappear,[ディサピアー],動,消える,[di（ディ）][sa（サ）][ppe（ピ）][ar（アー）],DAY52
carry,[キャリー],動,運ぶ/持ち運ぶ,[ca（キャ）][rry（リー）]  ※ [r(ル)]  [y(イー)],DAY52
enter,[エンター],動,入る,[e（エ）][n（ン）][ter（ター）]  ※ [t(トゥ)]  [er(アー)],DAY53
gather,[ギャザー],動,集まる/集める,[ga（ギャ）][ther（ザー）]  ※ [th(ズ)]  [er(アー)],DAY53
return,[リターン],動,戻る/～を戻す,[re（リ）][tur（ター）][n（ン）]  ※ [t(トゥ)]  [ur(アー)],DAY53
cover,[カヴァー],動,覆(おお)う,[co（カ）][ver（ヴァー）]  ※ [v(ヴ)]  [er(アー)],DAY53
borrow,[バロウ],動,借りる,[bo（バ）][rrow（ロウ）]  ※ [r(ル)]  [ow(オウ)],DAY53
repair,[リペアー],動,修理する,[re（リ）][pair（ペアー）]  ※ [p(プ)]  [air(エアー)],DAY53
hurry,[ハリー],動,急ぐ,[hu（ハ）][rry（リー）]  ※ [r(ル)]  [y(イー)],DAY53
hurry,[ハリー],名,急ぎ,[hu（ハ）][rry（リー）]  ※ [r(ル)]  [y(イー)],DAY53
share,[シェア],動,分け合う/共有する,[sh（シ）][are（エアー）],DAY53
surprise,[サプライズ],動,～を驚かせる,[sur（サー）][p（プ）][ri（ライ）][se（ズ）],DAY53
surprise,[サプライズ],名,驚き※最後のeは発音しない,[sur（サー）][p（プ）][ri（ライ）][se（ズ）],DAY53
worry,[ウォーリー],動,心配する,[wor（ウォー）][ry（リー）]  ※ [w(ウ)]  [or(オー)],DAY53
worry,[ウォーリー],名,心配,[wor（ウォー）][ry（リー）]  ※ [w(ウ)]  [or(オー)],DAY53
"am, is, are",[アム] [イズ] [アー],動,～です/～がいる/～がある,[a（ア）][m（ム）]  [i（イ）][s（ズ）]  [are（アー）],DAY54
sorry,[ソーリー],形,申し訳なく思って/残念な/気の毒な,[sor（ソー）][ry（リー）]  ※ [s(ス)]  [or(オー)],DAY54
strong,[ストゥロング],形,強い,[s（ス）][t（トゥ）][ro（ロ）][n（ン）][g（グ）],DAY54
large,[ラージ],形,大きい/広い,[lar（ラー）][ge（ジ）]  ※ [l(ル)]  [ar(アー)],DAY54
short,[ショートゥ],形,短い/背が低い,[sh（シ）][or（オー）][t（トゥ）],DAY54
hard,[ハードゥ],形,厳しい/難しい/固い,[har（ハー）][d（ドゥ）]  ※ [h(フ)]  [ar(アー)],DAY54
hard,[ハードゥ],副,熱心に,[har（ハー）][d（ドゥ）]  ※ [h(フ)]  [ar(アー)],DAY54
sour,[サワー],形,すっぱい,[s（ス）][our（アワー）],DAY54
thirsty,[サースティー],形,のどがかわいた,[thir（サー）][s（ス）][ty（ティー）]  ※ [th(ス)]  [ir(アー)],DAY54
important,[インポータントゥ],形,大切な/重要な,[i（イ）][m（ン）][por（ポー）][ta（タ）][n（ン）][t（トゥ）],DAY54
junior,[ジュニアー],形,年下の/後輩の,[ju（ジュ）][ni（ニ）][or（アー）],DAY54
surprised,[サプライズドゥ],形,驚いた※eは発音しない,[sur（サー）][p（プ）][ri（ライ）][se（ズ）][d（ドゥ）],DAY55
perfect,[パーフェクトゥ],形,完璧な,[per（パー）][fe（フェ）][c（ク）][t（トゥ）]  ※ [p(プ)]  [er(アー)],DAY55
boring,[ボーリング],形,退屈な/つまらない,[bor（ボー）][i（イ）][n（ン）][g（グ）]  ※ [b(ブ)]  [or(オー)],DAY55
nervous,[ナーヴァス],形,緊張している,[ner（ナー）][vou（ヴァ）][s（ス）]  ※ [n(ヌ)]  [er(アー)],DAY55
narrow,[ナロウ],形,（幅の）せまい,[na（ナ）][rrow（ロウ）]  ※ [r(ル)]  [ow(オウ)],DAY55
warm,[ウォーム],形,暖かい,[war（ウォー）][m（ム）]  ※ [w(ウ)]  [ar(オー)],DAY55
dark,[ダーク],形,暗い,[dar（ダー）][k（ク）]  ※ [d(ドゥ)]  [ar(アー)],DAY55
dirty,[ダーティ],形,汚い,[dir（ダー）][ty（ティ）]  ※ [d(ドゥ)]  [ir(アー)],DAY55
careful,[ケアフル],形,注意深い,[care（ケア）][fu（フ）][l（ル）]  ※ [c(ク)]  [are(エアー)],DAY55
early,[アーリー],副,早く,[ear（アー）][ly（リー）]  ※ [l(ル)]  [y(イー)],DAY55
early,[アーリー],形,早い,[ear（アー）][ly（リー）]  ※ [l(ル)]  [y(イー)],DAY55
terrible,[テリブル],形,ひどい/おそろしい※最後のeは発音しない,[te（テ）][rri（リ）][ble（ブル）],DAY56
regular,[レギュラー],形,規則正しい/ふつうの,[re（レ）][gu（ギュ）][lar（ラー）]  ※ [l(ル)]  [ar(アー)],DAY56
clever,[クレヴァー],形,利口な/かしこい,[c（ク）][le（レ）][ver（ヴァー）]  ※ [v(ヴ)]  [er(アー)],DAY56
smart,[スマートゥ],形,頭が良い/かしこい,[s（ス）][mar（マー）][t（トゥ）]  ※ [m(ム)]  [ar(アー)],DAY56
four,[フォー],名,4,[four（フォー）],DAY56
fourteen,[フォーティーン],名,14,[four（フォー）][tee（ティー）][n（ン）]  ※ [t(トゥ)]  [ee(イー)],DAY56
forty,[フォーティ],名,40,[for（フォー）][ty（ティ）]  ※ [f(フ)]  [or(オー)],DAY56
hundred,[ハンドゥレッドゥ],名,100,[hu（ハ）][n（ン）][d（ドゥ）][re（レ）][d（ドゥ）],DAY56
first,[ファーストゥ],名,１番目/1日,[fir（ファー）][s（ス）][t（トゥ）]  ※ [f(フ)]  [ir(アー)],DAY56
first,[ファーストゥ],形,最初の,[fir（ファー）][s（ス）][t（トゥ）]  ※ [f(フ)]  [ir(アー)],DAY56
first,[ファーストゥ],副,最初に/まず,[fir（ファー）][s（ス）][t（トゥ）]  ※ [f(フ)]  [ir(アー)],DAY56
fourth,[フォース],名,４番目/4日,[four（フォー）][th（ス）],DAY56
fourteenth,[フォーティーンス],名,14番目/14日,[four（フォー）][tee（ティー）][n（ン）][th（ス）],DAY57
year,[イェアー],名,年,[y（イ）][e（エ）][ar（アー）],DAY57
hour,[アワー],名,１時間※hは発音しない,[hour（アワー）],DAY57
morning,[モーニング],名,朝,[mor（モー）][ni（ニ）][n（ン）][g（グ）]  ※ [m(ム)]  [or(オー)],DAY57
afternoon,[アフタヌーン],名,午後,[a（ア）][f（フ）][ter（ター）][n（ヌ）][oo（ウー）][n（ン）],DAY57
March,[マーチ],名,3月,[Mar（マー）][ch（チ）]  ※ [m(ム)]  [ar(アー)],DAY57
September,[セプテンバー],名,9月,[Se（セ）][p（プ）][te（テ）][m（ン）][ber（バー）],DAY57
October,[オクトウバー],名,10月,[O（オ）][c（ク）][to（トウ）][ber（バー）]  ※ [t(トゥ)]  [o(オウ)],DAY57
November,[ノウヴェンバー],名,11月,[No（ノウ）][ve（ヴェ）][m（ン）][ber（バー）],DAY57
December,[ディセンバー],名,12月,[De（ディ）][ce（セ）][m（ン）][ber（バー）]  ※ [c(ス)]  [e(エ)],DAY57
Thursday,[サーズデイ],名,木曜日,[Thur（サー）][s（ズ）][day（デイ）]  ※ [th(ス)]  [ur(アー)],DAY58
Saturday,[サタデイ],名,土曜日,[Sa（サ）][tur（ター）][day（デイ）]  ※ [t(トゥ)]  [ur(アー)],DAY58
summer,[サマー],名,夏,[su（サ）][mmer（マー）]  ※ [m(ム)]  [er(アー)],DAY58
winter,[ウィンター],名,冬,[wi（ウィ）][n（ン）][ter（ター）]  ※ [t(トゥ)]  [er(アー)],DAY58
birthday,[バースデイ],名,誕生日,[bir（バー）][th（ス）][day（デイ）]  ※ [b(ブ)]  [ir(アー)],DAY58
party,[パーティ],名,パーティー,[par（パー）][ty（ティ）]  ※ [p(プ)]  [ar(アー)],DAY58
orange,[オーリンジ],名,みかん,[or（オー）][a（イ）][n（ン）][ge（ジ）],DAY58
water,[ウォーター],名,水,[wa（ウォー）][ter（ター）]  ※ [t(トゥ)]  [er(アー)],DAY58
pork,[ポーク],名,ぶた肉,[por（ポー）][k（ク）]  ※ [p(プ)]  [or(オー)],DAY58
chair,[チェア],名,いす,[ch（チ）][air（エアー）],DAY58
card,[カードゥ],名,カード,[car（カー）][d（ドゥ）]  ※ [c(ク)]  [ar(アー)],DAY59
color,[カラー],名,色,[co（カ）][lor（ラー）]  ※ [c(ク)]  [o(ア)]  [l(ル)]  [or(アー)],DAY59
shirt,[シャートゥ],名,シャツ,[shir（シャー）][t（トゥ）]  ※ [sh(シ)]  [ir(アー)],DAY59
guitar,[ギター],名,ギター,[gui（ギ）][tar（ター）]  ※ [t(トゥ)]  [ar(アー)],DAY59
dinner,[ディナー],名,夕食,[di（ディ）][nner（ナー）] ※ [n(ヌ)]  [er(アー)],DAY59
calendar,[カレンダー],名,カレンダー,[ca（カ）][le（レ）][n（ン）][dar（ダー）]  ※ [d(ドゥ)]  [ar(アー)],DAY59
mirror,[ミラー],名,鏡,[mi（ミ）][rror（ラー）]  ※ [r(ル)]  [or(アー)],DAY59
sweater,[スウェター],名,セーター,[s（ス）][wea（ウェ）][ter（ター）]  ※ [w(ウ)]  [ea(エ)],DAY59
shower,[シャワー],名,シャワー/にわか雨,[sho（シャ）][wer（ワー）]  ※ [sh(シ)]  [o(ア)]  ※ [w(ウ)]  [er(アー)],DAY59
floor,[フロア],名,床/階,[f（フ）][lo（ロ）][or（アー）]  ※ [l(ル)]  [o(オ)],DAY59
store,[ストー],名,店,[s（ス）][tore（トー）]  ※ [t(トゥ)]  [or(オー)],DAY60
store,[ストー],動,保管する※最後のeは発音しない,[s（ス）][tore（トー）]  ※ [t(トゥ)]  [or(オー)],DAY60
number,[ナンバー],名,数,[nu（ナ）][m（ン）][ber（バー）]  ※ [n(ヌ)]  [u(ア)],DAY60
dollar,[ダラー],名,ドル,[do（ダ）][llar（ラー）]  ※ [l(ル)]  [ar(アー)],DAY60
pair,[ペア],名,１組/ペア,[p（プ）][air（エアー）],DAY60
passport,[パスポートゥ],名,パスポート,[pa（パ）][ss（ス）][por（ポー）][t（トゥ）]  ※ [p(プ)]  [or(オー)],DAY60
skirt,[スカートゥ],名,スカート,[s（ス）][kir（カー）][t（トゥ）]  ※ [k(ク)]  [ir(アー)],DAY60
corner,[コーナー],名,角/曲がり角/すみ,[cor（コー）][ner（ナー）]  ※ [c(ク)]  [or(オー)]  [n(ヌ)]  [er(アー)],DAY60
fever,[フィーヴァー],名,熱,[fe（フィー）][ver（ヴァー）]  ※ [f(フ)]  [e(イー)]  [ v(ヴ)]  [er(アー)],DAY60
girl,[ガール],名,女の子,[gir（ガー）][l（ル）]  ※ [g(グ)]  [ir(アー)],DAY60
father,[ファーザー],名,父,[fa（ファー）][ther（ザー）]  ※ [th(ズ)]  [er(アー)],DAY60
mother,[マザー],名,母,[mo（マ）][ther（ザー）]  ※ [m(ム)]  [o（ア）]  [th(ズ)]  [er(アー)],DAY61
brother,[ブラザー],名,兄/弟/兄弟,[b（ブ）][ro（ラ）][ther（ザー）]  ※ [r(ル)]  [o(ア)],DAY61
sister,[スィスター],名,姉/妹/姉妹,[si（スィ）][s（ス）][ter（ター）]  ※ [t(トゥ)]  [er(アー)],DAY61
grandfather,[グランドゥファーザー],名,祖父,[g（グ）][ra（ラ）][n（ン）][d（ドゥ）][fa（ファー）][ther（ザー）],DAY61
grandmother,[グランドゥマザー],名,祖母,[g（グ）][ra（ラ）][n（ン）][d（ドゥ）][mo（マ）][ther（ザー）],DAY61
parent,[ペアレントゥ],名,親,[par（ペア）][e（エ）][n（ン）][t（トゥ）]  ※ [p(プ)]  [ar(エアー)],DAY61
artist,[アーティストゥ],名,芸術家,[ar（アー）][ti（ティ）][s（ス）][t（トゥ）],DAY61
doctor,[ドクター],名,医者,[do（ド）][c（ク）][tor（ター）]  ※ [t(トゥ)]  [or(アー)],DAY61
farmer,[ファーマー],名,農家,[far（ファー）][mer（マー）]  ※ [f(フ)]  [ar(アー)]  [m(ム)]  [er(アー)],DAY61
nurse,[ナース],名,看護師※最後のeは発音しない,[nur（ナー）][se（ス）]  ※ [n(ヌ)]  [ur(アー)],DAY61
player,[プレイヤー],名,選手,[p（プ）][lay（レイ）][er（アー）]  ※ [l(ル)]  [ay(エイ)],DAY62
singer,[スィンガー],名,歌手,[si（スィ）][n（ン）][g（グ）][er（アー）]  ※ [s(ス)]  [i(イ)],DAY62
worker,[ワーカー],名,働く人/労働者,[wor（ワー）][k（ク）][er（アー）]  ※ [w(ウ)]  [or(アー)],DAY62
member,[メンバー],名,メンバー/一員,[me（メ）][m（ン）][ber（バー）]  ※ [b(ブ)]  [er(アー)],DAY62
expert,[エクスパートゥ],名,専門家,[ex（エクス）][per（パー）][t（トゥ）]  ※ [p(プ)]  [er(アー)],DAY62
ear,[イアー],名,耳,[e（イ）][ar（アー）],DAY62
hair,[ヘアー],名,髪,[h（フ）][air（エアー）],DAY62
heart,[ハートゥ],名,心臓/心,[hear（ハー）][t（トゥ）]  ※ [h(フ)]  [ear(アー)],DAY62
shoulder,[ショルダー],名,肩,[shou（ショ）][l（ル）][der（ダー）]  ※ [sh(シ)]  [ou(オ)],DAY62
arm,[アーム],名,腕,[ar（アー）][m（ム）],DAY62
finger,[フィンガー],名,（手の）指,[fi（フィ）][n（ン）][ger（ガー）]  ※ [g(グ)]  [er(アー)],DAY63
bird,[バードゥ],名,鳥,[bir（バー）][d（ドゥ）]  ※ [b(ブ)]  [ir(アー)],DAY63
horse,[ホース],名,ウマ※最後のeは発音しない,[hor（ホー）][se（ス）]  ※ [h(フ)]  [or(オー)],DAY63
river,[リヴァー],名,川,[ri（リ）][ver（ヴァー）]  ※ [v(ヴ)]  [er(アー)],DAY63
forest,[フォーレストゥ],名,森,[f（フ）][or（オー）][e（エ）][s（ス）][t（トゥ）],DAY63
star,[スター],名,星,[s（ス）][tar（ター）]  ※ [t(トゥ)]  [ar(アー)],DAY63
weather,[ウェザー],名,天気,[wea（ウェ）][ther（ザー）]  ※ [w(ウ)]  [ea(エ)]  [th(ズ)]  [er(アー)],DAY63
air,[エア],名,空気/大気,[air（エアー）],DAY63
earth,[アース],名,地球,[ear（アー）][th（ス）],DAY63
farm,[ファーム],名,農場,[far（ファー）][m（ム）]  ※ [f(フ)]  [ar(アー)],DAY63
north,[ノース],名,北,[nor（ノー）][th（ス）]  ※ [n(ヌ)]  [or(オー)],DAY64
north,[ノース],形,北の,[nor（ノー）][th（ス）]  ※ [n(ヌ)]  [or(オー)],DAY64
north,[ノース],副,北に,[nor（ノー）][th（ス）]  ※ [n(ヌ)]  [or(オー)],DAY64
world,[ワールドゥ],名,世界,[wor（ワー）][l（ル）][d（ドゥ）]  ※ [w(ウ)]  [or(アー)],DAY64
tower,[タワー],名,塔,[to（タ）][wer（ワー）]  ※ [w(ウ)]  [er(アー)],DAY64
park,[パーク],名,公園,[par（パー）][k（ク）]  ※ [p(プ)]  [ar(アー)],DAY64
garden,[ガードゥン],名,庭※eは発音しない,[gar（ガー）][den（ドゥン）]  ※ [g(グ)]  [ar(アー)],DAY64
car,[カー],名,車,[c（ク）][ar（アー）],DAY64
airport,[エアポートゥ],名,空港,[air（エア）][por（ポー）][t（トゥ）]  ※ [p(プ)]  [or(オー)],DAY64
Germany,[ジャーマニー],名,ドイツ,[Ger（ジャー）][ma（マ）][ny（ニー）]  ※ [g(ジ)]  [er(アー)],DAY64
soccer,[サッカー],名,サッカー,[so（サ）][ccer（カー）]  ※ [c(ク)]  [er(アー)],DAY64
sport,[スポートゥ],名,スポーツ,[s（ス）][por（ポー）][t（トゥ）]  ※ [p(プ)]  [or(オー)],DAY64
tour,[トゥアー],名,旅行/ツアー,[to（トゥ）][ur（アー）],DAY65
chorus,[コーラス],名,合唱,[ch（ク）][or（オー）][ru（ラ）][s（ス）],DAY65
concert,[コンサートゥ],名,コンサート,[co（コ）][n（ン）][cer（サー）][t（トゥ）]  ※ [c(ス)]  [er(アー)],DAY65
art,[アートゥ],名,芸術/美術,[ar（アー）][t（トゥ）],DAY65
story,[ストーリー],名,物語/話,[s（ス）][t（トゥ）][ory（オーリー）]  ※ [or(オー)]  [y(イー)],DAY65
ours,[アワーズ],代,私たちのもの,[our（アワー）][s（ズ）],DAY65
your,[ユアー],形,あなたの,[you（ユ）][r（アー）],DAY65
yours,[ユアーズ],代,あなたのもの,[you（ユ）][r（アー）][s（ズ）],DAY65
her,[ハー],形,彼女の,[h（フ）][er（アー）],DAY65
her,[ハー],代,彼女を/彼女に,[h（フ）][er（アー）],DAY65
hers,[ハーズ],代,彼女のもの,[her（ハー）][r（ズ）]  ※ [h(フ)]  [er(アー)],DAY65
their,[ゼア],形,彼らの/彼女らの/それらの,[the（ゼ）][ir（アー）]  ※ [th(ズ)]  [e(エ)],DAY66
theirs,[ゼアーズ],代,彼らのもの/彼女らのもの,[the（ゼ）][ir（アー）][s（ズ）]  ※ [th(ズ)]  [e(エ)],DAY66
our,[アワー],形,私たちの,[our（アワー）],DAY66
other,[アザー],形,他の,[o（ア）][ther（ザー）]  ※ [th(ズ)]  [er(アー)],DAY66
more,[モア],形,もっと多くの,[mo（モ）][re（アー）]  ※ [m(ム)]  [o(オ)],DAY66
more,[モア],副,もっと,[mo（モ）][re（アー）]  ※ [m(ム)]  [o(オ)],DAY66
another,[アナザー],形,もう１つの/別の,[a（ア）][no（ナ）][ther（ザー）]  ※ [n(ヌ)]  [o(ア)],DAY66
word,[ワードゥ],名,言葉/単語,[wor（ワー）][d（ドゥ）]  ※ [w(ウ)]  [or(アー)],DAY66
person,[パーソン],名,人,[per（パー）][so（ソ）][n（ン）]  ※ [p(プ)]  [er(アー)],DAY66
area,[エァリア],名,地域/領域,[a（エァ）][re（リ）][a（ア）]  ※ [r(ル)]  [e(イ)],DAY66
effort,[エフォートゥ],名,努力,[e（エ）][ffor（フォートゥ）][t（トゥ）]  ※ [f(フ)]  [or(オー)],DAY66
center,[センター],名,中心/中央,[c（ス）][en（エン）][ter（ター）]  ※ [t(トゥ)]  [er(アー)],DAY67
theater,[スィアター],名,劇場/映画館,[the（スィ）][a（ア）][ter（ター）]  ※ [th(ス)]  [e(イ)],DAY67
tear,[ティア],名,涙,[te（ティ）][ar（アー）]  ※ [t(トゥ)]  [e(イ)],DAY67
order,[オーダー],名,注文/順番/命令,[or（オー）][der（ダー）]  ※ [d(ドゥ)]  [er(アー)],DAY67
order,[オーダー],動,注文する/命令する,[or（オー）][der（ダー）]  ※ [d(ドゥ)]  [er(アー)],DAY67
letter,[レター],名,手紙/文字,[le（レ）][tter（ター）]  ※ [t(トゥ)]  [er(アー)],DAY67
dear,[ディアー],形,親愛なる,[de（ディ）][ar（アー）]  ※ [d(ドゥ)]  [e(イ)],DAY67
part,[パートゥ],名,部分/役割,[par（パー）][t（トゥ）]  ※ [p(プ)]  [ar(アー)],DAY67
market,[マーケットゥ],名,市場/マーケット,[mar（マー）][ke（ケ）][t（トゥ）]  ※ [m(ム)]  [ar(アー)],DAY67
purpose,[パーパス],名,目的※最後のeは発音しない,[pur（パー）][po（パ）][se（ス）]  ※ [p(プ)]  [ur(アー)],DAY67
matter,[マター],名,問題/事柄,[ma（マ）][tter（ター）]  ※ [t(トゥ)]  [er(アー)],DAY67
never,[ネヴァー],副,決して～ない/１度も～ない,[ne（ネ）][ver（ヴァー）]  ※ [v(ヴ)]  [er(アー)],DAY68
here,[ヒア],副,ここに/ここで,[he（ヒ）][re（アー）]  ※ [h(フ)]  [e(イ)],DAY68
together,[トゥゲザー],副,一緒に,[to（トゥ）][ge（ゲ）][ther（ザー）]  ※ [th(ズ)]  [er(アー)],DAY68
around,[アラウンド],前,～のまわりに,[a（ア）][ro（ラ）][u（ウ）][n（ン）][d（ドゥ）]  ※ [r(ル)]  [o(ア)],DAY68
for,[フォー],前,～のために/～にとって/～間,[f（フ）][or（オー）],DAY68
under,[アンダー],前,～の下に/～の下で,[u（ア）][n（ン）][der（ダー）]  ※ [d(ドゥ)]  [er(アー)],DAY68
near,[ニアー],前,～の近くに/～の近くで,[ne（ニ）][ar（アー）]  ※ [n(ヌ)]  [e(イ)],DAY68
during,[デュアリング],前,～の間に,[dur（デュア）][ing（イング）]  ※ [du(デュ)]  [r(アー)],DAY68
over,[オウヴァー],前,～の真上に/～以上に/～を覆って,[o（オウ）][ver（ヴァー）]  ※ [v(ヴ)]  [er(アー)],DAY68
before,[ビフォー],前,～の,[be（ビ）][fore（フォー）]  ※ [f(フ)]  [or(オー)] ※ 最後のeは発音しない,DAY68
before,[ビフォー],前,に,[be（ビ）][fore（フォー）]  ※ [f(フ)]  [or(オー)] ※ 最後のeは発音しない,DAY68
before,[ビフォー],接,～する,[be（ビ）][fore（フォー）]  ※ [f(フ)]  [or(オー)] ※ 最後のeは発音しない,DAY68
before,[ビフォー],前,に,[be（ビ）][fore（フォー）]  ※ [f(フ)]  [or(オー)] ※ 最後のeは発音しない,DAY68
before,[ビフォー],副,以,[be（ビ）][fore（フォー）]  ※ [f(フ)]  [or(オー)] ※ 最後のeは発音しない,DAY68
before,[ビフォー],前,に,[be（ビ）][fore（フォー）]  ※ [f(フ)]  [or(オー)] ※ 最後のeは発音しない,DAY68
after,[アフター],前,～の後に,[a（ア）][f（フ）][ter（ター）]  ※ [t(トゥ)]  [er(アー)],DAY69
after,[アフター],接,～した後で,[a（ア）][f（フ）][ter（ター）]  ※ [t(トゥ)]  [er(アー)],DAY69
or,[オー],接,～か/～や/または,[or（オー）],DAY69
ever,[エヴァー],副,今まで/これまで,[e（エ）][ver（ヴァー）]     ※ [v(ヴ)]  [er(アー)],DAY69
far,[ファー],形,遠い,[f（フ）][ar（アー）],DAY69
far,[ファー],副,遠くに,[f（フ）][ar（アー）],DAY69
anymore,[エニモア],副,（否定文で）もはや～（ない）※最後のeは発音しない,[a（エ）][ny（ニー）][mo（モ）][re（アー）],DAY69
forever,[フォーエヴァー],副,ずっと/永遠に,[for（フォー）][e（エ）][ver（ヴァー）]   ※ f[フ]  or[オー],DAY69
however,[ハウエヴァー],副,しかしながら,[how（ハウ）][e（エ）][ver（ヴァー）]  ※ [h(フ)]  [ow(アウ)],DAY69
carefully,[ケアフリー],副,注意深く,[care（ケア）][fu（フ）][lly（リー）]  ※ [c(ク)]  [are(エア)],DAY69
he,[ヒー],代,彼は,[h（フ）][e（イー）],DAY69
me,[ミー],代,私を/私に,[m（ム）][e（イー）],DAY69
we,[ウィー],代,私たちは,[w（ウ）][e（イー）],DAY70
go,[ゴウ],動,行く,[g（グ）][o（オウ）],DAY70
so,[ソウ],副,とても/そのように/そんなに,[s（ス）][o（オウ）],DAY70
so,[ソウ],接,だから,[s（ス）][o（オウ）],DAY70
no,[ノウ],形,全く～ない/１つも～ない,[n（ヌ）][o（オウ）],DAY70
no,[ノウ],副,いいえ,[n（ヌ）][o（オウ）],DAY70
to,[トゥー],前,～に,[t（トゥ）][o（ウー）],DAY70
into,[イントゥー],前,～の中に,[in（イン）][to（トゥー）]  ※ [t(トゥ)]  [o(ウー)],DAY70
ago,[アゴウ],副,～,[a（ア）][go（ゴウ）]  ※ [g(グ)]  [o(オウ)],DAY70
ago,[アゴウ],前,に,[a（ア）][go（ゴウ）]  ※ [g(グ)]  [o(オウ)],DAY70
only,[オウンリー],副,～だけ/たった,[o（オウ）][n（ン）][ly（リ）]  ※ [l(ル)]  [y(イ)],DAY70
only,[オウンリー],形,唯一の,[o（オウ）][n（ン）][ly（リ）]  ※ [l(ル)]  [y(イ)],DAY70
even,[イーヴン],副,～でさえ※２つ目のeは発音しない,[e（イー）][ve（ヴ）][n（ン）] ,DAY70
alone,[アロウン],副,一人で※最後のeは発音しない,[a（ア）][lo（ロウ）][ne（ン）]  ※ [l(ル)]  [o(オウ)],DAY70
eat,[イートゥッ],動,食べる,[ea（イー）][t（トゥ）],DAY71
open,[オウプン],動,開ける/開く,[o（オウ）][p（プ）][en（ン）]               ※ eは発音しない,DAY71
open,[オウプン],形,開いている,[o（オウ）][p（プ）][en（ン）]               ※ eは発音しない,DAY71
zero,[ジーァロウ],名,0,[ze（ジー）][ro（ロウ）]  ※ [z(ズ)]  [e(イー)]  [r(ル)]  [o(オウ)],DAY71
thousand,[サウザンドゥ],名,1000,[tho（サ）][u（ウ）][sa（ザ）][n（ン）][d（ドゥ）] ※ [th(ス)]  [o(ア)],DAY71
April,[エイプリル],名,4月,[A（エイ）][p（プ）][ri（リ）][l（ル）]  ※ [r(ル)]  [i(イ)],DAY71
blue,[ブルー],名,青色,[b（ブ）][lue（ルー）]  ※ [l(ル)]  [u(ウー)],DAY71
blue,[ブルー],形,青い※最後のeは発音しない,[b（ブ）][lue（ルー）]  ※ [l(ル)]  [u(ウー)],DAY71
sofa,[ソウファ],名,ソファー,[so（ソウ）][fa（ファ）]  ※ [s(ス)]  [o(オウ)]  [f(フ)]  [a(ア)],DAY71
movie,[ムーヴィー],名,映画,[mo（ムー）][vie（ヴィー）]  ※ [m(ム)]  [o(ウー)],DAY71
robot,[ロウボットゥ],名,ロボット,[ro（ロウ）][bo（ボ）][t（トゥ）]  ※ [r(ル)]  [o(オ)],DAY71
have,[ハヴ],動,持っている/食べる/開催する,[ha（ハ）][ve（ヴ）]                      ※ eは発音しない,DAY71
look,[ルック],動,見る/～に見える,[l（ル）][oo（ウッ）][k（ク）],DAY72
study,[スタディ],動,勉強する/研究する,[s（ス）][tu（タ）][dy（ディ）]  ※ [d(ドゥ)]  [y(イー)],DAY72
study,[スタディ],名,勉強/研究,[s（ス）][tu（タ）][dy（ディ）]  ※ [d(ドゥ)]  [y(イー)],DAY72
want,[ウォントゥ],動,ほしい,[wa（ウォ）][n（ン）][t（トゥ）]   ※ [w(ウ)]  [a(オ)],DAY72
cook,[クック],動,（料理を）作る,[c（ク）][oo（ウッ）][k（ク）],DAY72
cook,[クック],名,料理人,[c（ク）][oo（ウッ）][k（ク）],DAY72
listen,[リッスン],動,聞く/耳を傾ける※tとeは発音しない,[li（リ）][sten（スン）],DAY72
buy,[バイ],動,買う,[bu（バ）][y（イ）]  ※ [b(ブ)]  [u(ア)],DAY72
come,[カム],動,来る※eは発音しない,[co（カ）][me（ム）]  ※ [c(ク)]  [o(ア)],DAY72
try,[トゥライ],動,試す,[t（トゥ）][ry（ライ）]  ※ [r(ル)]  [y(アイ)],DAY72
talk,[トーク],動,話す,[t（トゥ）][al（オー）][k（ク）],DAY72
visit,[ヴィジットゥ],動,訪れる,[vi（ヴィ）][si（ジ）][t（トゥ）]  ※ [v(ヴ)]  [i(イ)],DAY72
walk,[ウォーク],動,歩く,[wal（ウォー）][k（ク）]   ※ [w(ウ)]  [al(オー)],DAY73
dance,[ダンス],動,踊る※最後のeは発音しない,[da（ダ）][n（ン）][ce（ス）],DAY73
practice,[プラクティス],動,練習する,[p（プ）][ra（ラ）][c（ク）][ti（ティ）][ce（ス）],DAY73
practice,[プラクティス],名,練習※最後のeは発音しない,[p（プ）][ra（ラ）][c（ク）][ti（ティ）][ce（ス）],DAY73
do,[ドゥー],動,する,[d（ドゥ）][o（ウー）],DAY73
touch,[タッチ],動,触る,[tou（タ）][ch（チ）]  ※ [t(トゥ)]  [ou(ア)],DAY73
put,[プットゥ],動,置く,[pu（プ）][t（トゥ）]   ※ [p(プ)]  [u(ウ)],DAY73
climb,[クライム],動,登る※bは発音しない,[c（ク）][li（ライ）][mb（ム）] ,DAY73
love,[ラヴ],動,愛する/大好き※最後のeは発音しない,[lo（ラ）][ve（ヴ）]  ※ [l(ル)]  [o(ア)],DAY73
fly,[フライ],動,飛ぶ,[f（フ）][ly（ライ）]  ※ [l(ル)]  [y(アイ)],DAY73
collect,[コレクトゥ],動,集める,[co（コ）][lle（レ）][c（ク）][t（トゥ）]  ※ [c(ク)]  [o(オ)],DAY73
ski,[スキー],動,スキーをする,[s（ス）][ki（キ）]  ※ [k(ク)]  [i(イ)],DAY74
travel,[トゥラヴェル],動,旅行する/（光や音が）伝わる,[t（トゥ）][ra（ラ）][ve（ヴェ）][l（ル）]  ※ [v(ヴ)]  [e(エ)],DAY74
find,[ファインドゥ],動,見つける/～だと分かる,[fi（ファイ）][n（ン）][d（ドゥ）]  ※ [f(フ)]  [i(アイ)],DAY74
experience,[イクスピリエンス],名,経験/体験※最後のeは発音しない,[ex（イクス）][pe（ピ）][ri（リ）][en（エン）][ce（ス）],DAY74
begin,[ビギン],動,始める/始まる,[be（ビ）][gi（ギ）][n（ン）]  ※ [b(ブ)]  [e(イ)],DAY74
become,[ビカム],動,～になる※最後のeは発音しない,[be（ビ）][co（カ）][me（ム）],DAY74
cry,[クライ],動,泣く/叫ぶ,[c（ク）][ry（ライ）]  ※ [r(ル)]  [y(アイ)],DAY74
give,[ギヴ],動,与える/あげる※最後のeは発音しない,[gi（ギ）][ve（ヴ）],DAY74
move,[ムーヴ],動,,[mo（ムー）][ve（ヴ）]  ※ [m(ム)]  [o(ウー)],DAY74
move,[ムーヴ],動,く/,[mo（ムー）][ve（ヴ）]  ※ [m(ム)]  [o(ウー)],DAY74
move,[ムーヴ],動,かす/引っ越す※最後のeは発音しない,[mo（ムー）][ve（ヴ）]  ※ [m(ム)]  [o(ウー)],DAY74
introduce,[イントゥロデュース],動,紹介する/導入する※最後のeは発音しない,[in（イン）][t（トゥ）][ro（ロ）][du（デュー）][ce（ス）],DAY74
welcome,[ウェルカム],動,歓迎する,[we（ウェ）][l（ル）][co（カ）][me（ム）] ,DAY75
welcome,[ウェルカム],名,歓迎※最後のeは発音しない,[we（ウェ）][l（ル）][co（カ）][me（ム）] ,DAY75
develop,[ディヴェロップ],動,発達する/発達させる/開発する,[de（ディ）][ve（ヴェ）][lo（ロ）][p（プ）],DAY75
celebrate,[セレブレイトゥ],動,祝う※最後のeは発音しない,[ce（セ）][le（レ）][b（ブ）][ra（レイ）][te（トゥ）],DAY75
solve,[ソルヴ],動,（問題を）解く/解決する※最後のeは発音しない,[so（ソ）][l（ル）][ve（ヴ）],DAY75
imagine,[イマジン],動,想像する※最後のeは発音しない,[i（イ）][ma（マ）][gi（ジ）][ne（ン）],DAY75
lose,[ルーズ],動,失う/負ける※最後のeは発音しない,[lo（ルー）][se（ズ）],DAY75
communicate,[コミュニケイトゥ],動,コミュニケーションをとる※最後のeは発音しない,[co（コ）][mmu（ミュ）][ni（ニ）][ca（ケイ）][te（トゥ）],DAY75
continue,[コンティニュー],動,続ける/続く※最後のeは発音しない,[co（コ）][n（ン）][ti（ティ）][nue（ニュー）],DAY75
interview,[インタヴュー],名,面,[in（イ）][ter（ター）][view（ヴュー）],DAY75
interview,[インタヴュー],接,/インタビュー,[in（イ）][ter（ター）][view（ヴュー）],DAY75
interview,[インタヴュー],動,面,[in（イ）][ter（ター）][view（ヴュー）],DAY75
interview,[インタヴュー],接,する,[in（イ）][ter（ター）][view（ヴュー）],DAY75
active,[アクティヴ],形,活,[a（ア）][c（ク）][ti（ティ）][ve（ヴ）],DAY75
active,[アクティヴ],動,的な/活発な※eは発音しない,[a（ア）][c（ク）][ti（ティ）][ve（ヴ）],DAY75
angry,[アングリー],形,怒っている,[a（ア）][n（ン）][g（グ）][ry（リー）]  ※ [r(ル)]  [y(イー)],DAY76
beautiful,[ビューティフル],形,美しい,[bea（ビー）][u（ユー）][ti（ティ）][fu（フ）][l（ル）],DAY76
busy,[ビジー],形,忙しい,[bu（ビ）][sy（ジー）]  ※ [s(ズ)]  [y(イー)],DAY76
cool,[クール],形,かっこいい/すずしい,[coo（クー）][l（ル）]  ※ [c(ク)]  [oo(ウー)],DAY76
famous,[フェイマス],形,有,[fa（フェイ）][mou（マ）][s（ス）]  ※ [m(ム)]  [ou(ア)],DAY76
famous,[フェイマス],名,な,[fa（フェイ）][mou（マ）][s（ス）]  ※ [m(ム)]  [ou(ア)],DAY76
hungry,[ハングリー],形,空腹の,[hu（ハ）][n（ン）][g（グ）][ry（リー）]  ※ [h(フ)]  [u(ア)],DAY76
kind,[カインドゥ],形,親切な,[ki（カイ）][n（ン）][d（ドゥ）]  ※ [k(ク)]  [i(アイ)],DAY76
kind,[カインドゥ],名,種類,[ki（カイ）][n（ン）][d（ドゥ）]  ※ [k(ク)]  [i(アイ)],DAY76
good,[グッドゥ],形,良い/美味しい,[g（グ）][oo（ウッ）][d（ドゥ）],DAY76
popular,[ポピュラー],形,人気のある,[po（ポ）][pu（ピュ）][lar（ラー）]  ※ [l(ル)]  [ar(アー)],DAY76
special,[スペシャル],形,特別な,[s（ス）][pe（スペ）][ci（シ）][a（ア）][lル）],DAY76
tired,[タイアード],形,疲れた,[ti（タイ）][re（アー）][d（ドゥ）]  ※ [t(トゥ)]  [i(アイ)],DAY77
wonderful,[ワンダフル],形,すばらしい,[wo（ワ）][n（ン）][der（ダー）][ful（フル）],DAY77
old,[オウルドゥ],形,古い/年をとった,[o（オウ）][l（ル）][d（ドゥ）],DAY77
young,[ヤング],形,若い,[you（ヤ）][n（ン）][g（グ）]  ※ [y(ユ)]  [ou(ア)],DAY77
many,[メニー],形,たくさんの,[ma（メ）][ny（ニー）]  ※ [n(ヌ)]  [y(イー)],DAY77
new,[ニュー],形,新しい,[n（ヌ）][ew（ユー）],DAY77
exciting,[イクサイティング],形,わくわくさせるような,[ex（イクス）][ci（サイ）][ti（ティ）][n（ン）][g（グ）],DAY77
favorite,[フェイヴァリットゥ],形,お気に入りの/一番好きな※最後のeは発音しない,[fa（フェイ）][vo（ヴァ）][ri（リ）][te（トゥ）],DAY77
interesting,[インタレスティング],形,面白い/興味深い,[in（イン）][ter（ター）][est（エストゥ）][ing（イング）],DAY77
cold,[コウルドゥ],形,冷たい/寒い,[co（コウ）][l（ル）][d（ドゥ）]  ※ [c(ク)]  [o(オウ)],DAY77
easy,[イージー],形,簡単な,[ea（イー）][sy（ジー）]  ※ [s(ズ)]  [y(イー)],DAY78
difficult,[ディフィカルトゥ],形,難しい,[di（ディ）][ffi（フィ）][cu（カ）][l（ル）][t（トゥ）],DAY78
different,[ディファレントゥ],形,違う/異なった/様々な,[di（ディ）][ffer（ファー）][e（エ）][n（ン）][t（トゥ）],DAY78
friendly,[フレンドゥリー],形,親しみやすい/友好的な,[f（フ）][rie（レ）][n（ン）][d（ドゥ）][ly（リー）],DAY78
lucky,[ラッキー],形,幸運な,[lu（ラ）][cky（キー）]  ※ [ck(ク)]  [y(イー)],DAY78
international,[インターナショナル],形,国際的な,[in（イン）][ter（ター）][na（ナ）][tio（ショ）][na（ナ）][l（ル）],DAY78
delicious,[デリシャス],形,美味しい,[de（デ）][li（リ）][cious（シャス）]  ※ [ci(シ)]  [ous(アス)],DAY78
foreign,[フォーリン],形,外国の※gは発音しない,[for（フォー）][eign（イン）] ,DAY78
interested,[インタレスティドゥ],形,興味がある,[in（イン）][ter（ター）][est（エストゥ）][ed（イドゥ）],DAY78
excited,[イクサイティドゥ],形,わくわくしている/興奮している,[ex（イクス）][ci（サイ）][ted（ティドゥ）]  ※ [c(ス)]  [i(アイ)],DAY78
sure,[シュア],形,確かな/確信している,[su（シュ）][re（アー）]  ※ [s(ス)]  [u(ユ)],DAY79
sure,[シュア],副,もちろん,[su（シュ）][re（アー）]  ※ [s(ス)]  [u(ユ)],DAY79
local,[ロウカル],形,地元の,[lo（ロウ）][ca（カ）][l（ル）]  ※ [l(ル)]  [o(オウ)],DAY79
usual,[ユージュアル],形,ふつうの/いつもの,[u（ユー）][su（ジュ）][a（ア）][l（ル）]  ※ [s(ズ)]  [u(ユ)],DAY79
traditional,[トゥラディショナル],形,伝統的な,[t（トゥ）][ra（ラ）][di（ディ）][tio（ショ）][na（ナ）][l（ル）],DAY79
amazing,[アメイジング],形,驚くべき/すばらしい,[a（アメ）][ma（メイ）][zi（ジ）][n（ン）][g（グ）],DAY79
several,[セヴェラル],形,いくつかの,[se（セ）][ve（ヴェ）][ra（ラ）][l（ル）],DAY79
American,[アメリカン],名,アメリカ人,[A（ア）][me（メ）][ri（リ）][ca（カ）][n（ン）],DAY79
American,[アメリカン],形,アメリカの/アメリカ人の,[A（ア）][me（メ）][ri（リ）][ca（カ）][n（ン）],DAY79
Chinese,[チャイニーズ],名,中国人/中国語,[Chi（チャイ）][ne（ニー）][se（ズ）]  ※ [ch(チ)]  [i(アイ)]  ※ 最後のeは発音しない,DAY79
Chinese,[チャイニーズ],形,中国の/中国語の,[Chi（チャイ）][ne（ニー）][se（ズ）]  ※ [ch(チ)]  [i(アイ)]  ※ 最後のeは発音しない,DAY79
poor,[ポア],形,貧しい/かわいそうな,[po（ポ）][or（アー）],DAY79
expensive,[イクスペンスィヴ],形,高価な※最後のeは発音しない,[ex（イクス）][pe（ペ）][n（ン）][si（スィ）][ve（ヴ）],DAY79
dangerous,[デインジャラス],形,危険な,[da（デイ）][n（ン）][ge（ジャ）][rou（ラ）][s（ス）],DAY80
final,[ファイナル],形,最後の,[fi（ファイ）][na（ナ）][l（ル）],DAY80
quiet,[クワイエットゥ],形,静かな,[qu（ク）][i（アイ）][e（エ）][t（トゥ）],DAY80
social,[ソウシャル],形,社会の,[so（ソウ）][ci（シ）][a（ア）][l（ル）],DAY80
simple,[スィンプル],形,単純な※最後のeは発音しない,[si（スィ）][m（ン）][p（プ）][le（ル）],DAY80
necessary,[ネセサリー],形,必要な,[ne（ネ）][ce（セ）][ssa（サ）][ry（リー）],DAY80
convenient,[コンヴィニエントゥ],形,便利な/都合の良い,[co（コ）][n（ン）][ve（ヴィ）][ni（ニ）][e（エ）][n（ン）][t（トゥ）],DAY80
helpful,[ヘルプフル],形,役に立つ,[he（ヘ）][l（ル）][p（プ）][fu（フ）][l（ル）],DAY80
various,[ヴァリアス],形,さまざまな,[va（ヴァ）][ri（リ）][ous（ア）]  ※ [ou(ア)]  [s(ス)],DAY80
honest,[オネストゥ],形,正直な※hは発音しない,[ho（オ）][ne（ネ）][s（ス）][t（トゥ）] ,DAY80
one,[ワン],名,1,[one（ワン）],DAY81
two,[トゥー],名,2,[two（トゥー）],DAY81
seven,[セヴン],名,７※2つ目のeは発音しない,[se（セ）][ve（ヴ）][n（ン）],DAY81
eleven,[イレヴン],名,１１※3つ目のeは発音しない,[e（イ）][le（レ）][ven（ヴン）] ,DAY81
twelve,[トゥウェルヴ],名,１２※最後のeは発音しない,[t（トゥ）][we（ウェ）][l（ル）][ve（ヴ）],DAY81
seventeen,[セヴンティーン],名,１７※2つ目のeは発音しない,[se（セ）][ve（ヴ）][n（ン）][tee（ティー）][n（ン）],DAY81
twenty,[トゥウェンティー],名,20,[t（トゥ）][we（ウェ）][n（ン）][ty（ティー）],DAY81
seventy,[セヴンティー],名,７０※2つ目のeは発音しない,[se（セ）][ve（ヴ）][n（ン）][ty（ティー）],DAY81
second,[セカンドゥ],名,２番目/2日,[se（セカ）][co（カ）][n（ン）][d（ドゥ）],DAY81
seventh,[セヴンス],名,７番目/７日※2つ目のeは発音しない,[se（セ）][ve（ヴ）][n（ン）][th（ス）],DAY81
eleventh,[イレヴンス],名,１１番目/11日※３つ目のeは発音しない,[e（イ）][le（レ）][ve（ヴ）][n（ン）] [th（ス）],DAY82
twelfth,[トゥウェルフス],名,１２番目/12日,[t（トゥ）][we（ウェ）][l（ル）][f（フ）][th（ス）],DAY82
seventeenth,[セヴンティーンス],名,１７番目/17日※2つ目のeは発音しない,[se（セ）][ve（ヴ）][n（ン）][tee（ティー）][n（ン）][th（ス）],DAY82
twentieth,[トゥウェンティエス],名,２０番目/２０日,[t（トゥ）][we（ウェ）][n（ン）][ti（ティ）][e（エ）][th（ス）],DAY82
half,[ハーフ],名,半分,[hal（ハー）][f（フ）],DAY82
half,[ハーフ],形,半分の,[hal（ハー）][f（フ）],DAY82
January,[ジャニュアリー],名,1月,[Ja（ジャ）][nu（ニュ）][a（ア）][ry（リー）],DAY82
February,[フェブラリー],名,2月,[Fe（フェ）][b（ブ）][rua（ラ）][ry（リー）],DAY82
July,[ジュライ],名,7月,[Ju（ジュ）][ly（ライ）],DAY82
August,[オーガストゥ],名,8月,[Au（オー）][gu（ガ）][s（ス）][t（トゥ）],DAY82
Tuesday,[トゥーズデイ],名,火曜日※eは発音しない,[Tue（トゥー）][s（ズ）][day（デイ）],DAY82
Wednesday,[ウェンズデイ],名,水曜日※dとeは発音しない,[We（ウェ）][dne（ン）][s（ズ）][day（デイ）],DAY83
banana,[バナナ],名,バナナ,[ba（バ）][na（ナ）][na（ナ）],DAY83
potato,[ポテイトウ],名,じゃがいも,[po（ポ）][ta（テイ）][to（トウ）]  ※ [a(エイ)]  [o（オウ）],DAY83
tomato,[トメイトウ],名,トマト,[to（ト）][ma（メイ）][to（トウ）]  ※ [a(エイ)]   [o（オウ）],DAY83
pizza,[ピッザ],名,ピザ,[pi（ピ）][zza（ザ）]  ※ [z(ズ)]  [a(ア)],DAY83
vegetable,[ヴェジタブル],名,野菜※最後のeは発音しない,[ve（ヴェ）][ge（ジ）][ta（タ）][b（ブ）][le（ル）],DAY83
English,[イングリッシュ],名,英語,[En（イン）][g（グ）][li（リ）][sh（シ）],DAY83
English,[イングリッシュ],形,英語の/イギリスの,[En（イン）][g（グ）][li（リ）][sh（シ）],DAY83
Japanese,[ジャパニーズ],名,日本語/日本人,[Ja（ジャ）][pa（パ）][ne（ニー）][se（ズ）]  ※ 最後のeは発音しない,DAY83
Japanese,[ジャパニーズ],形,日本の/日本人の,[Ja（ジャ）][pa（パ）][ne（ニー）][se（ズ）]  ※ 最後のeは発音しない,DAY83
music,[ミュージック],名,音楽,[mu（ミュー）][si（ジ）][c（ク）]  ※ [m(ム)]  [u(ユー)],DAY83
science,[サイエンス],名,科学/理科※最後のeは発音しない,[sci（サイ）][en（エン）][ce（ス）]  ※ [sc(ス)]  [i(アイ)],DAY83
subject,[サブジェクトゥ],名,教科/科目,[su（サ）][b（ブ）][je（ジェ）][c（ク）][t（トゥ）],DAY84
classmate,[クラスメイトゥ],名,クラスメート/同級生※最後のeは発音しない,[c（ク）][la（ラ）][ss（ス）][ma（メイ）][te（トゥ）],DAY84
classroom,[クラスルーム],名,教室,[c（ク）][la（ラ）][ss（ス）][r（ル）][oo（ウー）][m（ム）],DAY84
homework,[ホウムワーク],名,宿題※eは発音しない,[ho（ホウ）][me（ム）][wor（ワー）][k（ク）],DAY84
dictionary,[ディクショナリー],名,辞書,[di（ディ）][c（ク）][tio（ショ）][na（ナ）][ry（リー）],DAY84
notebook,[ノウトゥブック],名,ノート※eは発音しない,[no（ノウ）][te（トゥ）][b（ブ）][oo（ウッ）][k（ク）],DAY84
pencil,[ペンスィル],名,えんぴつ,[pe（ペ）][n（ン）][ci（スィ）][l（ル）]  ※ [c(ス)]  [i(イ)],DAY84
textbook,[テクストゥブック],名,教科書,[te（テ）][x（クス）][t（トゥ）][b（ブ）][oo（ウッ）][k（ク）],DAY84
book,[ブック],名,本,[b（ブ）][oo（ウッ）][k（ク）],DAY84
TV,[ティーヴィー],名,テレビ,[T（ティー）][V（ヴィー）],DAY84
picture,[ピクチャー],名,絵/写真,[pi（ピ）][c（ク）][tu（チュ）][re（アー）],DAY85
memory,[メモリー],名,思い出/記憶,[me（メ）][mo（モ）][ry（リー）]  ※ [r(ル)]  [y(イー)],DAY85
umbrella,[アンブレラ],名,かさ,[u（ア）][m（ン）][b（ブ）][re（レ）][lla（ラ）],DAY85
clothes,[クロウズ],名,衣服※発音は「クロスイズ」ではないので注意,[c（ク）][lo（ロウ）][thes（ズ）],DAY85
piano,[ピアノ],名,ピアノ,[pi（ピ）][a（ア）][no（ノ）],DAY85
breakfast,[ブレックファスト],名,朝食,[b（ブ）][rea（レ）][k（ク）][fa（ファ）][s（ス）][t（トゥ）],DAY85
hospital,[ホスピタル],名,病院,[ho（ホ）][s（ス）][pi（ピ）][ta（タ）][l（ル）],DAY85
library,[ライブラリー],名,図書館,[li（ライ）][b（ブ）][ra（ラ）][ry（リー）],DAY85
museum,[ミュージアム],名,博物館/美術館,[mu（ミュー）][se（ジ）][u（ア）][m（ム）],DAY85
restaurant,[レストラントゥ],名,レストラン,[re（レ）][s（ス）][tau（ト）][ra（ラ）][n（ン）][t（トゥ）],DAY85
supermarket,[スーパーマーケット],名,スーパーマーケット,[su（スー）][per（パー）][mar（マー）][ke（ケ）][t（トゥ）],DAY86
bookstore,[ブックストア],名,本屋,[b（ブ）][oo（ウッ）][k（ク）][s（ス）][tore（トア）],DAY86
stadium,[ステイディアム],名,競技場/スタジアム,[s（ス）][ta（テイ）][di（ディ）][u（ア）][m（ム）],DAY86
temple,[テンプル],名,寺※最後のeは発音しない,[te（テ）][m（ン）][p（プ）][le（ル）],DAY86
city,[スィティ],名,市/都市,[ci（スィ）][ty（ティ）]  ※ [c(ス)]  [i(イ)],DAY86
station,[ステイション],名,駅,[s（ス）][ta（テイ）][tio（ショ）][n（ン）],DAY86
school,[スクール],名,学校,[s（ス）][ch（ク）][oo（ウー）][l（ル）],DAY86
taxi,[タクスィー],名,タクシー,[ta（タ）][x（クス）][i（イ）],DAY86
dentist,[デンティストゥ],名,歯医者/歯科医,[de（デン）][n（デン）][ti（ティ）][s（ス）][t（トゥ）],DAY86
musician,[ミュージシャン],名,音楽家,[mu（ミュー）][si（ジ）][ci（シ）][a（ア）][n（ン）],DAY86
pilot,[パイロットゥ],名,パイロット,[pi（パイ）][lo（ロ）][t（トゥ）],DAY87
scientist,[サイエンティストゥ],名,科学者,[sci（サイ）][en（エン）][ti（ティ）][s（ス）][t（トゥ）],DAY87
basketball,[バスケットゥボール],名,バスケットボール,[ba（バ）][s（ス）][ke（ケ）][t（トゥ）][bal（ボー）][l（ル）],DAY87
volleyball,[ヴァリーボール],名,バレーボール,[vo（ヴァ）][lley（リー）][bal（ボー）][l（ル）],DAY87
Japan,[ジャパン],名,日本,[Ja（ジャ）][pa（パ）][n（ン）],DAY87
Canada,[キャナダ],名,カナダ,[Ca（キャ）][na（ナ）][da（ダ）],DAY87
animal,[アニマル],名,,[a（ア）][ni（ニ）][ma（マ）][l（ル）],DAY87
animal,[アニマル],動,物,[a（ア）][ni（ニ）][ma（マ）][l（ル）],DAY87
lion,[ライオン],名,ライオン,[li（ライ）][o（オ）][n（ン）],DAY87
monkey,[マンキー],名,サル,[mo（マ）][n（ン）][key（キー）],DAY87
island,[アイランドゥ],名,島※sは発音しない,[is（アイ）][la（ラ）][n（ン）][d（ドゥ）] ,DAY87
sky,[スカイ],名,空,[s（ス）][ky（カイ）]  ※ [k(ク)]  [y(アイ)],DAY88
moon,[ムーン],名,月,[m（ム）][oo（ウー）][n（ン）],DAY88
nature,[ネイチャー],名,自然,[na（ネイ）][tu（チュ）][re（アー）]  ※ [n(ヌ)]  [a(エイ)],DAY88
event,[イヴェントゥ],名,行事/出来事,[e（イ）][ve（ヴェ）][n（ン）][t（トゥ）],DAY88
festival,[フェスティヴァル],名,祭り,[fe（フェ）][s（ス）][ti（ティ）][va（ヴァ）][l（ル）],DAY88
vacation,[ヴァケイション],名,休暇(か),[va（ヴァ）][ca（ケイ）][tio（ショ）][n（ン）],DAY88
computer,[コンピューター],名,コンピュータ,[co（コ）][m（ン）][pu（ピュー）][ter（ター）],DAY88
woman,[ウーマン],名,女性/女の人,[wo（ウー）][ma（マ）][n（ン）],DAY88
friend,[フレンドゥ],名,友達,[f（フ）][rien（レン）][d（ドゥ）],DAY88
family,[ファミリー],名,家族,[fa（ファ）][mi（ミ）][ly（リー）],DAY88
eye,[アイ],名,目※最後のeは発音しない,[e（ア）][ye（イ）],DAY89
body,[バディ],名,体,[bo（バ）][dy（ディ）]  ※ [b(ブ)]  [o(ア)],DAY89
minute,[ミニットゥ],名,分/少しの間※最後のeは発音しない,[mi（ミ）][nu（ニ）][te（トゥ）],DAY89
noon,[ヌーン],名,正午,[n（ヌ）][oo（ウー）][n（ン）],DAY89
future,[フューチャー],名,将来/未来,[fu（フュー）][tu（チュ）][re（アー）],DAY89
usually,[ユージュアリー],副,ふつうは/たいてい,[u（ユー）][su（ジュ）][a（ア）][lly（リー）]  ※ [l(ル)]  [y(イー)],DAY89
often,[オーフン],副,しばしば/よく,[o（オー）][ften（フン）]  ※ 「オフトゥン」と発音するネイティブもいます,DAY89
sometimes,[サムタイムズ],副,ときどき※２つのeは発音しない,[so（サ）][me（ム）][ti（タイ）][me（ム）][s（ズ）],DAY89
very,[ヴェリー],副,とても,[ve（ヴェ）][ry（リー）],DAY89
by,[バイ],前,～のそばに/～によって/～まで,[b（ブ）][y（アイ）],DAY89
my,[マイ],形,私の,[m（ム）][y（アイ）],DAY90
curry and rice,[カリー アンドゥ ライス],名,カレーライス※最後のeは発音しない,[cu（カリー）][rry（リー）]   [ri（ライ）][ce（ス）],DAY90
salad,[サラドゥ],名,サラダ,[sa（サ）][la（ラ）][d（ドゥ）],DAY90
spaghetti,[スパゲティ],名,スパゲッティ※hは発音しない,[s（ス）][pa（パ）][ghe（ゲ）][tti（ティ）],DAY90
chocolate,[チョコレイトゥ],名,チョコレート※最後のeは発音しない,[cho（チョ）][co（コ）][la（レイ）][te（トゥ）],DAY90
P.E.,[ピーイー],名,体育,[P（ピー）][E（イー）],DAY90
social studies,[ソウシャル スタディーズ],名,社会科,[so（ソウ）][ci（シ）][a（ア）][l（ル）]  [s（ス）][tu（タ）][die（ディー）][s（ズ）],DAY90
entrance,[エントゥランス],名,入り口※最後のeは発音しない,[e（エ）][n（ン）][t（トゥ）][ra(ラ)][n（ン）][ce（ス）],DAY90
gym,[ジム],名,体育館,[gy（ジ）][m（ム）],DAY90
restroom,[レストゥルーム],名,トイレ,[re（レ）][s（ス）][t（トゥ）][r（ル）][oo（ウー）][m（ム）],DAY90
you,[ユー],代,あなたは/あなたを/あなたに,[you（ユー）],DAY91
glove,[グラヴ],名,手袋/グローブ※最後のeは発音しない,[g（グ）][lo（ラ）][ve（ヴ）],DAY91
violin,[ヴァイオリン],名,バイオリン,[vi（ヴァイ）][o（オ）][li（リ）][n（ン）]  ※ [v(ヴ)]  [i(アイ)],DAY91
castle,[キャッスル],名,城※tとeは発音しない,[ca（キャ）][st（ス）][le（ル）],DAY91
department store,[デパートゥメントゥ ストア],名,デパート,[de（デ）][par（パー）][t（トゥ）][me（メ）][n（ン）][t（トゥ）],DAY91
Brazil,[ブラジル],名,ブラジル,[B（ブ）][ra（ラ）][zi（ジ）][l（ル）],DAY91
China,[チャイナ],名,中国,[Chi（チャイ）][na（ナ）]    ※ [ch(チ)]  [i(アイ)],DAY91
France,[フランス],名,フランス※最後のeは発音しない,[F（フ）][ra（フラ）][n（ン）][ce（ス）],DAY91
India,[インディア],名,インド,[I（イ）][n（ン）][di（ディ）][a（ア）],DAY91
Italy,[イタリー],名,イタリア,[I（イ）][ta（タ）][ly（リー）],DAY91
Korea,[コリア],名,韓国,[Ko（コ）][re（リ）][a（ア）]  ※ [r(ル)]  [e(イ)],DAY92
Russia,[ラッシャ],名,ロシア,[Ru（ラ）][ssi（シ）][a（ア）]  ※ [r(ル)]  [u(ア)],DAY92
baby,[ベイビー],名,赤ちゃん,[ba（ベイ）][by（ビー）]  ※ [b(ブ)]  [y(イー)],DAY92
of,[オヴ],前,～の※fがvの発音になっている,[o（オ）][f（ヴ）] ,DAY92
people,[ピープル],名,人々※最後のeは発音しない,[peo（ピー）][p（プ）][le（ル）],DAY92
student,[ステューデントゥ],名,生徒/学生,[s（ス）][tu（テュ）][de（デ）][n（ン）][t（トゥ）],DAY92
some,[サム],形,いくつかの/いくらかの※最後のeは発音しない,[so（サ）][me（ム）],DAY92
also,[オールソウ],副,～もまた,[al（オール）][so（ソウ）],DAY92
Ms.,[ミズ],名,（女性につける敬称）～さん/～先生,[Ms.（ミズ）],DAY92
contest,[コンテストゥ],名,コンテスト,[co（コ）][n（ン）][te（テ）][s（ス）][t（トゥ）],DAY92
could,[クッドゥ],助,～できた,[c(ク)][oul（ウ）][d（ドゥ）],DAY93
Mr.,[ミスター],名,（男性につける敬称）～さん/～先生,[Mr.（ミスター）],DAY93
room,[ルーム],名,部屋,[r（ル）][oo（ウー）][m（ム）],DAY93
culture,[カルチャー],名,文化,[cu（カ）][l（ル）][tu（チュ）][re（アー）],DAY93
everyone,[エヴリワン],代,みんな/みなさん（＝everybody）※eは発音しない,[e（エ）][ve（ヴ）][ry（リー）][one（ワン）],DAY93
every,[エヴリー],形,毎～/どの～※2つ目のeは発音しない,[e（エ）][ve（ヴ）][ry（リー）]  ※ [r(ル)]  [y(イー)],DAY93
idea,[アイディア],名,考え/意見,[i（アイ）][de（ディ）][a（ア）],DAY93
question,[クエスチョン],名,質問/問題/疑問,[qu（ク）][e（エ）][s（ス）][tio（チョ）][n（ン）],DAY93
example,[イグザンプル],名,例※最後のeは発音しない,[e（イ）][x（グズ）][a（ア）][m（ン）][p（プ）][le（ル）],DAY93
foot,[フットゥ],名,足,[f（フ）][oo（ウッ）][t(トゥ）],DAY93
history,[ヒスタリー],名,歴史,[hi（ヒ）][s（ス）][to（タ）][ry（リー）]  ※ [r(ル)]  [y(イー)],DAY94
would,[ウッドゥ],助,（willの過去,[woul（ウ）][d（ドゥ）],DAY94
would,[ウッドゥ],形,）～だろう,[woul（ウ）][d（ドゥ）],DAY94
nation,[ネイション],名,国/国家,[na（ネイ）][tio（ショ）][n（ン）],DAY94
respect,[リスペクトゥ],動,尊敬する,[re（リス）][s（ス）][pe（ペ）][c（ク）][t（トゥ）],DAY94
respect,[リスペクトゥ],名,尊敬,[re（リス）][s（ス）][pe（ペ）][c（ク）][t（トゥ）],DAY94
finally,[ファイナリー],副,ついに/やっと,[fi（ファ）][na（ナ）][lly（リー）]  ※ [f(フ)]  [i(アイ)],DAY94
volunteer,[ヴォランティアー],名,ボランティア,[vo（ヴォ）][lu（ラ）][n（ン）][te（ティ）][er（アー）],DAY94
activity,[アクティヴィティ],名,活,[a（ア）][c（ク）][ti（ティ）][vi（ヴィ）][ty（ティ）],DAY94
activity,[アクティヴィティ],動,,[a（ア）][c（ク）][ti（ティ）][vi（ヴィ）][ty（ティ）],DAY94
almost,[オールモウストゥ],副,ほとんど,[al（オール）][mo（モウ）][s（ス）][t（トゥ）],DAY94
present,[プレゼントゥ],名,贈り物/プレゼント,[p（プ）][re（プレ）][se（ゼ）][n（ン）][t（トゥ）],DAY94
problem,[プロブレム],名,問題,[p（プ）][ro（ロ）][b（ブ）][le（レ）][m（ム）],DAY94
language,[ラングウィッジ],名,言語,[la（ラ）][n（ン）][g（グ）][ua（ウィ）][ge（ジ）],DAY95
machine,[マシーン],名,機械※最後のeは発音しない,[ma（マ）][chi（シ）][ne（ン）],DAY95
lesson,[レッスン],名,授業/レッスン/教訓※oは発音しない,[le（レ）][ss（ス）][on（ン）],DAY95
Internet,[インターネットゥ],名,インターネット,[In（イ）][ter（ター）][ne（ネ）][t（トゥ）],DAY95
once,[ワンス],副,1回/かつて※最後のeは発音しない,[on（ワン）][ce（ス）],DAY95
most,[モウストゥ],形,ほとんどの,[mo（モウ）][s（ス）][t（トゥ）]  ※ [m(ム)]  [o(オウ)],DAY95
most,[モウストゥ],副,（最上級で）最も,[mo（モウ）][s（ス）][t（トゥ）]  ※ [m(ム)]  [o(オウ)],DAY95
among,[アマング],前,～の間で/～の間に,[a（ア）][mo（マ）][n（ン）][g（グ）]  ※ [m(ム)]  [o(ア)],DAY95
company,[カンパニー],名,会社/仲間,[co（カ）][m（ン）][pa（パ）][ny（ニー）]  ※ [n(ヌ)]  [y(イー)],DAY95
accident,[アクスィデントゥ],名,事故,[a（ア）][c（ク）][ci（スィ）][de（デ）][n（ン）][t（トゥ）],DAY95
enough,[イナフ],形,十分な,[e（イ）][nou（ナ）][gh（フ）]  ※ [n(ヌ)]  [ou(ア)],DAY95
enough,[イナフ],副,十分に※gは発音しない,[e（イ）][nou（ナ）][gh（フ）]  ※ [n(ヌ)]  [ou(ア)],DAY95
any,[エニー],形,（疑問文で）何かの/（否定文で）全く/（肯定文で）どんな,[a（エ）][ny（ニー）]  ※ [n(ヌ)]  [y(イー)],DAY96
Canadian,[カネイディアン],名,カナダ人,[Ca（カ）][na（ネイ）][di（ディ）][a（ア）][n（ン）],DAY96
Canadian,[カネイディアン],形,カナダの/カナダ人の,[Ca（カ）][na（ネイ）][di（ディ）][a（ア）][n（ン）],DAY96
front,[フロントゥ],名,,[f（フ）][ro（ロ）][n（ン）][t（トゥ）],DAY96
front,[フロントゥ],前,,[f（フ）][ro（ロ）][n（ン）][t（トゥ）],DAY96
mind,[マインドゥ],名,心/考え/精神,[mi（マイ）][n（ン）][d（ドゥ）]  ※ [m(ム)]  [i(アイ)],DAY96
mind,[マインドゥ],動,気にする,[mi（マイ）][n（ン）][d（ドゥ）]  ※ [m(ム)]  [i(アイ)],DAY96
door,[ドアー],名,ドア,[do（ド）][or（アー）],DAY96
situation,[スィチュエイション],名,状況,[si（スィ）][tu（チュ）][a（エイ）][tio（ショ）][n（ン）],DAY96
communication,[コミュニケイション],名,コミュニケーション,[co（コ）][mmu（ミュ）][ni（ニ）][ca（ケイ）][tio（ショ）][n（ン）],DAY96
someone,[サムワン],代,誰か※2つのeは発音しない,[so（サ）][me（ム）][one（ワン）],DAY96
village,[ヴィレッジ],名,村,[vi（ヴィ）][lla（レ）][ge（ジ）],DAY96
else,[エルス],副,他に※最後のeは発音しない,[e（エ）][l（ル）][se（ス）],DAY96
along,[アロング],前,～に沿って,[a（ア）][lo（ロ）][n（ン）][g（グ）],DAY97
information,[インフォメイション],名,情報,[in（イン）][for（フォー）][ma（メイ）][tio（ショ）][n（ン）],DAY97
business,[ビジネス],名,仕事/ビジネス,[bu（ビ）][si（ジ）][ne（ネ）][ss（ス）],DAY97
tradition,[トゥラディション],名,伝統,[t（トゥ）][ra（ラ）][di（ディ）][tio（ショ）][n（ン）],DAY97
difference,[ディファレンス],名,違い※最後のeは発音しない,[di（ディ）][ffer（ファ-）][e（エ）][n（ン）][ce（ス）],DAY97
suddenly,[サドゥンリー],副,突然※eは発音しない,[su（サ）][dd（ドゥ）][en（ン）][ly（リー）],DAY97
although,[オールゾウ],接,～だけれど※ghは発音しない,[al（オール）][th（ズ）][ough（オウ）],DAY97
hotel,[ホウテル],名,ホテル,[ho（ホウ）][te（テ）][l（ル）]  ※ [h(フ)]  [o(オウ)],DAY97
radio,[レイディオ],名,ラジオ,[ra（レイ）][di（ディ）][o（オ）]  ※ [r(ル)]  [a(エイ)],DAY97
wood,[ウッドゥ],名,木材/木,[woo（ウッ）][d（ドゥ）],DAY97
office,[オフィス],名,事務所/オフィス※最後のeは発音しない,[o（オ）][ffi（フィ）][ce（ス）],DAY98
program,[プログラム],名,番組/計画,[p（プ）][ro（ロ）][g（グ）][ra（ラ）][m（ム）],DAY98
money,[マニー],名,お金,[mo（マ）][ney（ニー）]  ※ [n(ヌ)]  [ey(イー)],DAY98
album,[アルバム],名,アルバム,[a（ア）][l（ル）][bu（バ）][m（ム）],DAY98
camera,[キャメラ],名,カメラ,[ca（キャ）][me（メ）][ra（ラ）],DAY98
video,[ヴィデオ],名,,[vi（ヴィ）][de（デ）][o（オ）],DAY98
video,[ヴィデオ],動,画/ビデオ,[vi（ヴィ）][de（デ）][o（オ）],DAY98
message,[メッセイジ],名,伝言/メッセージ,[me（メッセ）][ss（ス）][a（エイ）][ge（ジ）],DAY98
magazine,[マガジン],名,雑誌※最後のeは発音しない,[ma（マ）][ga（ガ）][zi（ジ）][ne（ン）],DAY98
university,[ユニヴァースィティ],名,大学,[u（ユ）][ni（ニ）][ver（ヴァー）][si（スィ）][ty（ティ）],DAY98
college,[カレッジ],名,大学,[co（カ）][lle（レ）][ge（ジ）],DAY98
moment,[モウメントゥ],名,瞬間,[mo（モウ）][me（メ）][n（ン）][t（トゥ）],DAY99
police,[ポリス],名,警察※最後のeは発音しない,[po（ポ）][li（リ）][ce（ス）],DAY99
diary,[ダイアリー],名,日記,[di（ダイ）][a（ア）][ry（リー）]  ※ [d(ドゥ)]  [i(アイ)],DAY99
captain,[キャプテン],名,キャプテン,[ca（キャ）][p（プ）][tain（テン）],DAY99
yesterday,[イエスタデイ],副,昨日（は）,[y（イ）][e（エ）][s（ス）][ter（ター）][day（デイ）],DAY99
yesterday,[イエスタデイ],名,昨日,[y（イ）][e（エ）][s（ス）][ter（ター）][day（デイ）],DAY99
probably,[プロバブリー],副,たぶん/おそらく,[p（プ）][ro（ロ）][ba（バ）][b（ブ）][ly（リー）],DAY99
result,[リザルトゥ],名,結果,[re（リザ）][su（ザ）][l（ル）][t（トゥ）],DAY99
actually,[アクチュアリー],副,実は/実際は,[a（ア）][c（ク）][tu（チュ）][a（ア）][lly（リー）],DAY99
until,[アンティル],前,～まで,[u（ア）][n（ン）][ti（ティ）][l（ル）],DAY99
until,[アンティル],接,～するまで,[u（ア）][n（ン）][ti（ティ）][l（ル）],DAY99
though,[ゾウ],接,～だけれど※ghは発音しない,[th（ズ）][ough（オウ）] ,DAY99
anyone,[エニワン],代,（疑問文で）誰か/(否定文で）誰も/（肯定文で）誰でも,[a（エ）][ny（ニー）][one（ワン）]  ※ [n(ヌ)]  [y(イー)],DAY100
factory,[ファクタリー],名,工場,[fa（ファ）][c（ク）][to（タ）][ry（リー）],DAY100
sugar,[シュガー],名,砂糖,[su（シュ）][gar（ガー）]  ※ [g(グ)]  [ar(アー)],DAY100
stomach,[ストマック],名,胃/腹,[s（ス）][to（ト）][ma（マ）][ch（ク）],DAY100
building,[ビルディング],名,建物/ビル,[bui（ビ）][l（ル）][d（ドゥ）][i（イ）][n（ン）][g（グ）],DAY100
against,[アゲンストゥ],前,～に反対して/～に寄りかかって,[a（ア）][gain（ゲン）][s（ス）][t（トゥ）],DAY100
"was, were",[ワズ] [ワー],動,～だった/～がいた/～があった,[wa（ワ）][s（ズ）]  [were（ワー）],DAY100
behind,[ビハインドゥ],前,～の後ろに,[be（ビ）][hi（ハイ）][n（ン）][d（ドゥ）]  ※ [h(フ)]  [i(アイ)],DAY100
