学年ユニット単元,学年ユニット,単元,英語,日本語
中１Unit１part1,中１Unit１,part1,call,～を～と呼ぶ/～を～と言う
中１Unit１part1,中１Unit１,part1,South Africa,南アフリカ共和国(アフリカの国の名)
中１Unit１part1,中１Unit１,part1,love,～が大好きである/～を愛している
中１Unit１part1,中１Unit１,part1,everyone,みなさん/みんな/だれでも
中１Unit１part1,中１Unit１,part1,me,私を/私に
中１Unit１part1,中１Unit１,part1,from,...出身の/...から/...からの
中１Unit１part1,中１Unit１,part1,Japanese,日本の/日本語の/日本人の
中１Unit１part1,中１Unit１,part1,sweet,お菓子/甘い食べ物/甘さ
中１Unit１part1,中１Unit１,part1,and,...と.../...および...
中１Unit１part1,中１Unit１,part1,too,"また,...も,(通例文末で用いる)"
中１Unit１part1,中１Unit１,part1,join,～に加わる/～に参加する/～の仲間に入る
中１Unit１part1,中１Unit１,part1,club,クラブ/部
中１Unit１part1,中１Unit１,part1,Call me A.,私をAと呼んで。/Aと呼んでください。
中１Unit１part1,中１Unit１,part1,want to,...したい
中１Unit１part1,中１Unit１,part1,number,"数,数字,総数"
中１Unit１part2,中１Unit１,part2,fan,"ファン,熱心な愛好者"
中１Unit１part2,中１Unit１,part2,often,しばしば/たびたび/よく
中１Unit１part2,中１Unit１,part2,with,"(随伴・同伴)〜と一緒に,〜と共に"
中１Unit１part2,中１Unit１,part2,but,しかし/だが/ところが/けれども
中１Unit１part2,中１Unit１,part2,rugby,ラグビー
中１Unit１part2,中１Unit１,part2,watch,店番をする
中１Unit１part2,中１Unit１,part2,friend,友達/友人
中１Unit１part2,中１Unit１,part2,great,"すばらしい,すてきな,偉大な"
中１Unit１part2,中１Unit１,part2,no,いいえ/いや、違います
中１Unit１part2,中１Unit１,part2,not,...でない/...しない/...ではなく
中１Unit１part2,中１Unit１,part2,oh,"おお,あら,ああ,まあ,おや"
中１Unit１part3,中１Unit１,part3,comic / comics,"マンガ,(特に西洋風のマンガ)"
中１Unit１part3,中１Unit１,part3,draw,(絵)～を描く
中１Unit１part3,中１Unit１,part3,so,...だから.../...それで...
中１Unit１part3,中１Unit１,part3,about,...について/...に関して
中１Unit１part3,中１Unit１,part3,lesson,(学校の)授業/レッスン
中１Unit１part3,中１Unit１,part3,wow,"うわー,わあ"
中１Unit１part3,中１Unit１,part3,are,"...です。,...だ,...である,(youやweなどが主語のときにつかう)"
中１Unit１part3,中１Unit１,part3,in,(所属)〜に入って
中１Unit１part3,中１Unit１,part3,art,芸術/美術/技術
中１Unit１part3,中１Unit１,part3,how,"どんなようすで,どんな具合で,(疑問詞として疑問文で用いる)"
中１Unit１part3,中１Unit１,part3,school,学校
中１Unit１part3,中１Unit１,part3,now,今/現在は
中１Unit１part3,中１Unit１,part3,take,(授業/試験など)～を受ける/(注文など)～を受ける
中１Unit１part3,中１Unit１,part3,swimming,水泳/泳ぐこと
中１Unit１part3,中１Unit１,part3,How about you?,あなたはどうですか。
中１Unit１part4,中１Unit１,part4,shop,店
中１Unit１part4,中１Unit１,part4,cherry,サクラの木/サクランボ
中１Unit１part4,中１Unit１,part4,think,考える/思いをめぐらす
中１Unit１part4,中１Unit１,part4,this,"これ,この人,このもの,こちら,(近くのものを指すときに用いる)"
中１Unit１part4,中１Unit１,part4,white,白
中１Unit１part4,中１Unit１,part4,photo,写真
中１Unit１part4,中１Unit１,part4,sing,～を歌う
中１Unit１part4,中１Unit１,part4,black,黒
中１Unit１part4,中１Unit１,part4,cake,ケーキ
中１Unit１part4,中１Unit１,part4,we,私たちは［が］
中１Unit１part4,中１Unit１,part4,rice,米
中１Unit１part4,中１Unit１,part4,home,家/家庭
中１Unit１part4,中１Unit１,part4,cute,かわいい
中１Unit１part4,中１Unit１,part4,fish,魚
中１Unit１part4,中１Unit１,part4,lunch,昼食
中１Unit１part4,中１Unit１,part4,king,王
中１Unit１part4,中１Unit１,part4,math,数学
中１Unit１part4,中１Unit１,part4,English,英語
中１Unit１part4,中１Unit１,part4,strong,"強い/丈夫な,たくましい"
中１Unit１part4,中１Unit１,part4,bath,入浴/風呂
中１Unit１part4,中１Unit１,part4,clock,(置き/かけ)時計
中１Unit１part4,中１Unit１,part4,lake,湖
中１Unit１part4,中１Unit１,part4,bike,自転車
中１Unit１part4,中１Unit１,part4,game,遊び/ゲーム
中１Unit１part4,中１Unit１,part4,shrine,神社/神宮
中１Unit１part4,中１Unit１,part4,nose,鼻
中１Unit１part4,中１Unit１,part4,shape,"形,姿"
中１Unit２part1,中１Unit２,part1,class,学級/クラス/組/(クラスの)みなさん
中１Unit２part1,中１Unit２,part1,our,私たちの
中１Unit２part1,中１Unit２,part1,Canada,カナダ
中１Unit２part1,中１Unit２,part1,America,アメリカ/アメリカ合衆国/米国
中１Unit２part1,中１Unit２,part1,Ms. A,Aさん/A先生(成人した女性への敬称)
中１Unit２part1,中１Unit２,part1,Mr. A,Aさん/A先生(男性への敬称)
中１Unit２part1,中１Unit２,part1,he,彼は(が)
中１Unit２part1,中１Unit２,part1,she,彼女は［が］
中１Unit２part1,中１Unit２,part1,new,新しい/新任の
中１Unit２part1,中１Unit２,part1,teacher,先生/教師
中１Unit２part1,中１Unit２,part1,on,(位置・場所)〜に(で)
中１Unit２part1,中１Unit２,part1,team,チーム/団/部
中１Unit２part1,中１Unit２,part1,at,"(優劣などを表す言葉とともに),〜の点で/〜において/〜に関して"
中１Unit２part1,中１Unit２,part1,cool,かっこいい/すばらしい
中１Unit２part1,中１Unit２,part1,be good at 〜,〜が上手である/〜が得意である
中１Unit２part2,中１Unit２,part2,Chinese,中国語の/中国人の
中１Unit２part2,中１Unit２,part2,cannot,...できない
中１Unit２part2,中１Unit２,part2,some,いくつかの/いくらかの (通常は肯定文の平叙文で使う)
中１Unit２part2,中１Unit２,part2,parent,親
中１Unit２part2,中１Unit２,part2,China,中国
中１Unit２part2,中１Unit２,part2,food,食べ物
中１Unit２part2,中１Unit２,part2,father,父/お父さん
中１Unit２part2,中１Unit２,part2,can,...することができる/...できる
中１Unit２part2,中１Unit２,part2,make,～を作る
中１Unit２part2,中１Unit２,part2,very,とても/非常に
中１Unit２part2,中１Unit２,part2,well,上手に/うまく/よく
中１Unit２part2,中１Unit２,part2,that,あれ/それ/あの［その］人［もの/こと］
中１Unit２part2,中１Unit２,part2,read,～を読む
中１Unit２part2,中１Unit２,part2,Really?,本当ですか？
中１Unit２part2,中１Unit２,part2,see,わかる/理解する
中１Unit２part2,中１Unit２,part2,I see.,わかりました。/なるほど。
中１Unit２part3,中１Unit２,part3,excuse,～を許す
中１Unit２part3,中１Unit２,part3,oops,おっと/うわっ/しまった
中１Unit２part3,中１Unit２,part3,here,ここに/ここで/ここへ
中１Unit２part3,中１Unit２,part3,welcome,歓迎される
中１Unit２part3,中１Unit２,part3,totem pole,トーテムポール
中１Unit２part3,中１Unit２,part3,thunderbird,サンダーバード(伝説上の鳥)
中１Unit２part3,中１Unit２,part3,your,"あなたの,あなたたちの"
中１Unit２part3,中１Unit２,part3,thank,～に感謝する/～をありがたいと思う
中１Unit２part3,中１Unit２,part3,it,"それは,それを,それに,(代名詞の主格・目的格として使われる)"
中１Unit２part3,中１Unit２,part3,bird,鳥
中１Unit２part3,中１Unit２,part3,Excuse me.,すみません。/失礼します。/失礼ですが。
中１Unit２part3,中１Unit２,part3,Here you are.,はい、どうぞ。/どうぞ。
中１Unit２part3,中１Unit２,part3,Thank you.,ありがとう。
中１Unit２part3,中１Unit２,part3,You're welcome.,どういたしまして。
中１Unit２part4,中１Unit２,part4,e-mail,Eメール/電子メール
中１Unit２part4,中１Unit２,part4,May,5月
中１Unit２part4,中１Unit２,part4,green,緑の
中１Unit２part4,中１Unit２,part4,tea,茶/紅茶
中１Unit２part4,中１Unit２,part4,blue,青の/青い
中１Unit２part4,中１Unit２,part4,juice,ジュース
中１Unit２part4,中１Unit２,part4,zoo,動物園
中１Unit２part4,中１Unit２,part4,book,本
中１Unit２part4,中１Unit２,part4,it,[天候・時間・距離などを表す文の主語に用いる]
中１Unit２part4,中１Unit２,part4,train,電車/列車
中１Unit２part4,中１Unit２,part4,rain,雨
中１Unit２part4,中１Unit２,part4,glue,接着剤/のり
中１Unit２part4,中１Unit２,part4,fruit,果物/果実
中１Unit２part4,中１Unit２,part4,beef,牛肉
中１Unit２part4,中１Unit２,part4,sea,海
中１Unit２part4,中１Unit２,part4,season,季節
中１Unit２part4,中１Unit２,part4,peach,モモ
中１Unit２part4,中１Unit２,part4,day,日/1日/曜日
中１Unit２part4,中１Unit２,part4,beach,"浜/浜辺/海辺,ビーチ"
中１Unit２part4,中１Unit２,part4,speak,話す/しゃべる
中１Unit２part4,中１Unit２,part4,rainy,雨降りの/雨の
中１Unit２part4,中１Unit２,part4,cheese,チーズ
中１Unit２part4,中１Unit２,part4,room,部屋/室
中１Unit２part4,中１Unit２,part4,classroom,教室
中１Unit２part4,中１Unit２,part4,swimming pool,(水泳用の)プール
中１Unit２part4,中１Unit２,part4,cook,(加熱して)～を料理する
中１Unit２part4,中１Unit２,part4,cooking,料理
中１Unit２part4,中１Unit２,part4,textbook,教科書
中１Unit２part4,中１Unit２,part4,notebook,ノート
中１Unit２part4,中１Unit２,part4,today,今日/今日は
中１Unit２part4,中１Unit２,part4,usually,たいてい/ふつう/いつもは/ふだん
中１Unit２part4,中１Unit２,part4,drink,～を飲む
中１Unit２part4,中１Unit２,part4,green tea,緑茶
中１Unit３part1,中１Unit３,part1,symbol,シンボル/象徴/記号
中１Unit３part1,中１Unit３,part1,for,【代理・代表】...のかわりに/...に相当する
中１Unit３part1,中１Unit３,part1,interesting,おもしろい/興味深い
中１Unit３part1,中１Unit３,part1,favorite,お気に入りの/大好きな/一番好きな
中１Unit３part1,中１Unit３,part1,character,登場人物/キャラクター
中１Unit３part1,中１Unit３,part1,also,"...もまた,...も,さらに,そのうえ"
中１Unit３part1,中１Unit３,part1,what,"何,どんな,(疑問詞として疑問文で用いる)"
中１Unit３part1,中１Unit３,part1,family,家族/一家
中１Unit３part1,中１Unit３,part1,who,"だれ,だれが,(疑問詞として疑問文で用いる)"
中１Unit３part1,中１Unit３,part1,why,なぜ/どうして
中１Unit３part1,中１Unit３,part1,brave,勇敢な/勇ましい
中１Unit３part1,中１Unit３,part1,kind,親切な/やさしい
中１Unit３part2,中１Unit３,part2,around,...のまわりに/...の周囲に/...のあたりで/...の近くに
中１Unit３part2,中１Unit３,part2,after,...のあとに/...のあとの/...のあとで
中１Unit３part2,中１Unit３,part2,online,オンラインで
中１Unit３part2,中１Unit３,part2,live,住んでいる/住む/生活する/暮らす
中１Unit３part2,中１Unit３,part2,come,来る/やってくる
中１Unit３part2,中１Unit３,part2,by,"...によって,...で,(後ろに手段/方法を表す言葉をともなう)"
中１Unit３part2,中１Unit３,part2,walk,歩く
中１Unit３part2,中１Unit３,part2,when,"いつ,どんなときに,(疑問詞として疑問文で用いる)"
中１Unit３part2,中１Unit３,part2,study,～を勉強する
中１Unit３part2,中１Unit３,part2,week,週/週間
中１Unit３part3,中１Unit３,part3,hallway,"廊下(ろうか),通路,玄関"
中１Unit３part3,中１Unit３,part3,win,～に勝つ/～を勝ち取る/～を獲得する
中１Unit３part3,中１Unit３,part3,next,次の/今度の/となりの/翌...
中１Unit３part3,中１Unit３,part3,luck,幸運/運
中１Unit３part3,中１Unit３,part3,near,...の近くに
中１Unit３part3,中１Unit３,part3,where,どこに［で/へ］
中１Unit３part3,中１Unit３,part3,practice,～を練習する
中１Unit３part3,中１Unit３,part3,hard,熱心に/一生懸命に/懸命に
中１Unit３part3,中１Unit３,part3,go,行く
中１Unit３part3,中１Unit３,part3,park,公園/遊園地
中１Unit３part3,中１Unit３,part3,station,駅/署
中１Unit３part3,中１Unit３,part3,Good luck!,幸運を祈ります。/がんばって。
中１Unit３part3,中１Unit３,part3,month,月/ひと月
中１Unit３part3,中１Unit３,part3,date,日時/日付/年月日
中１Unit３part4,中１Unit３,part4,sister,姉/妹/姉妹
中１Unit３part4,中１Unit３,part4,car,車/自動車/車両
中１Unit３part4,中１Unit３,part4,girl,女の子/少女
中１Unit３part4,中１Unit３,part4,small,小さい
中１Unit３part4,中１Unit３,part4,boy,男の子/少年
中１Unit３part4,中１Unit３,part4,mouse,ネズミ/ハツカネズミ
中１Unit３part4,中１Unit３,part4,brown,茶色
中１Unit３part4,中１Unit３,part4,water,水
中１Unit３part4,中１Unit３,part4,T-shirt,Tシャツ
中１Unit３part4,中１Unit３,part4,star,星
中１Unit３part4,中１Unit３,part4,round,丸い/球形の
中１Unit３part4,中１Unit３,part4,baseball,野球
中１Unit３part4,中１Unit３,part4,summer,夏
中１Unit３part4,中１Unit３,part4,winter,冬
中１Unit３part4,中１Unit３,part4,house,家/住宅
中１Unit３part4,中１Unit３,part4,town,町
中１Unit３part4,中１Unit３,part4,sound,音/物音/響き
中１Unit３part4,中１Unit３,part4,mother,"母,お母さん"
中１Unit３part4,中１Unit３,part4,enjoy,～を楽しむ
中１Unit３part4,中１Unit３,part4,fall,秋
中１Unit３part4,中１Unit３,part4,party,パーティー
中１Unit３part4,中１Unit３,part4,bake,～を焼く
中１Unit３part4,中１Unit３,part4,ball,ボール/球
中１Unit４part1,中１Unit４,part1,New Zealand,ニュージーランド
中１Unit４part1,中１Unit４,part1,puppy,子犬
中１Unit４part1,中１Unit４,part1,of,...の/...のうちの/...に属する
中１Unit４part1,中１Unit４,part1,someday,いつか/そのうち
中１Unit４part1,中１Unit４,part1,they,彼らは［が］/彼女らは［が］/それらは［が］
中１Unit４part1,中１Unit４,part1,animal,動物
中１Unit４part1,中１Unit４,part1,visit,(場所など)～を訪れる/(人など)～を訪ねる/～を訪問する
中１Unit４part1,中１Unit４,part1,Japan,日本
中１Unit４part1,中１Unit４,part1,many,(数えられるものに対して)多くの/たくさんの
中１Unit４part1,中１Unit４,part1,one of A,Aの1人/Aの1つ
中１Unit４part1,中１Unit４,part1,a lot of A,たくさんのA/多数のA
中１Unit４part1,中１Unit４,part1,How many 〜?,いくつの〜ですか。/どれくらいたくさんの〜ですか。
中１Unit４part2,中１Unit４,part2,noon,正午/昼の12時
中１Unit４part2,中１Unit４,part2,last,"最後の,この前の,先...,昨..."
中１Unit４part2,中１Unit４,part2,like,...に似ている/...に似た/...のような/...のように/...と同様に
中１Unit４part2,中１Unit４,part2,o'clock,"...時,ちょうど...時,...時の位置"
中１Unit４part2,中１Unit４,part2,netball,ネットボール
中１Unit４part2,中１Unit４,part2,time,時/時刻/時間/期間/...ころ
中１Unit４part2,中１Unit４,part2,afternoon,午後
中１Unit４part2,中１Unit４,part2,sport,スポーツ
中１Unit４part2,中１Unit４,part2,a.m.,午前
中１Unit４part2,中１Unit４,part2,p.m.,午後
中１Unit４part2,中１Unit４,part2,basketball,バスケットボール
中１Unit４part2,中１Unit４,part2,Sounds 〜.,〜そうですね。
中１Unit４part3,中１Unit４,part3,front,前面/前部/前/正面
中１Unit４part3,中１Unit４,part3,be,"...です。,...だ,...である,(助動詞の後ろなどでつかう)"
中１Unit４part3,中１Unit４,part3,nervous,緊張して/不安な
中１Unit４part3,中１Unit４,part3,worry,心配する
中１Unit４part3,中１Unit４,part3,yourself,"あなた自身を,あなた自身に,あなた自ら"
中１Unit４part3,中１Unit４,part3,sheep,ヒツジ
中１Unit４part3,中１Unit４,part3,kiwi,"キウイフルーツ,キーウィ(鳥)"
中１Unit４part3,中１Unit４,part3,right,正しい/そのとおり/正確な/確かな
中１Unit４part3,中１Unit４,part3,turn,順番/番
中１Unit４part3,中１Unit４,part3,please,どうぞ/どうか/お願いします。
中１Unit４part3,中１Unit４,part3,look,(注意して・意識的に)見る
中１Unit４part3,中１Unit４,part3,enjoy oneself,楽しむ/楽しく過ごす
中１Unit４part3,中１Unit４,part3,look at A,(注意してよく)Aを見る
中１Unit４part4,中１Unit４,part4,by,(場所)...のそばに
中１Unit４part4,中１Unit４,part4,fun,おもしろい/楽しい
中１Unit４part4,中１Unit４,part4,long,長い/...の長さで
中１Unit４part4,中１Unit４,part4,song,歌
中１Unit４part4,中１Unit４,part4,fine,元気な/調子のよい/健康な/すばらしい
中１Unit４part4,中１Unit４,part4,pet,ペット
中１Unit４part4,中１Unit４,part4,stop,やめる/止める/止まる/停止する
中１Unit４part4,中１Unit４,part4,eat,食べる/食事をする
中１Unit４part4,中１Unit４,part4,sad,悲しい
中１Unit４part4,中１Unit４,part4,eel,ウナギ
中１Unit４part4,中１Unit４,part4,gift,"贈り物,ギフト"
中１Unit４part4,中１Unit４,part4,man,男性/男の人
中１Unit４part4,中１Unit４,part4,bench,ベンチ/長いす
中１Unit４part4,中１Unit４,part4,picture,写真
中１Unit４part4,中１Unit４,part4,basket,"籠,かご,バスケット"
中１Unit４part4,中１Unit４,part4,under,...の下に/...の下で
中１Unit４part4,中１Unit４,part4,kitchen,台所/調理場
中１Unit４part4,中１Unit４,part4,table,テーブル
中１Unit４part4,中１Unit４,part4,all,すべてのもの/すべてのこと/すべての人々/全部のもの
中１Unit４Stage Activity1,中１Unit４,Stage Activity1,poster,ポスター/広告
中１Unit４Stage Activity1,中１Unit４,Stage Activity1,age,年齢/年
中１Unit４Stage Activity1,中１Unit４,Stage Activity1,subject,教科/科目
中１Unit４Stage Activity1,中１Unit４,Stage Activity1,movie,映画
中１Unit４Stage Activity1,中１Unit４,Stage Activity1,student,生徒/学生
中１Unit４Stage Activity1,中１Unit４,Stage Activity1,much,大変/大いに/とても/たくさん/たいへん
中１Unit４Stage Activity1,中１Unit４,Stage Activity1,starter,先発メンバー
中１Unit４Stage Activity1,中１Unit４,Stage Activity1,famous,有名な
中１Unit４Stage Activity1,中１Unit４,Stage Activity1,tell,～に言う/～に話す/～に知らせる/～を話す/～を言う
中１Unit４Stage Activity1,中１Unit４,Stage Activity1,elementary school,小学校
中１Unit４Stage Activity1,中１Unit４,Stage Activity1,junior high school,中学校
中１Unit４Stage Activity1,中１Unit４,Stage Activity1,every,毎.../...ごとに
中１Unit４Stage Activity1,中１Unit４,Stage Activity1,big,"大きな,大きい"
中１Unit４Stage Activity1,中１Unit４,Stage Activity1,player,運動選手/競技者
中１Unit４Stage Activity1,中１Unit４,Stage Activity1,very much,とても/たいへん/非常に
中１Unit４Stage Activity1,中１Unit４,Stage Activity1,every day,毎日
中１Unit５part1,中１Unit５,part1,as,...として
中１Unit５part1,中１Unit５,part1,tour,旅行/観光旅行/ツアー/見学
中１Unit５part1,中１Unit５,part1,guide,案内人/ガイド
中１Unit５part1,中１Unit５,part1,write,～を書く
中１Unit５part1,中１Unit５,part1,blog,ブログ
中１Unit５part1,中１Unit５,part1,local,地元の/その土地の/ある地域の
中１Unit５part1,中１Unit５,part1,beautiful,きれいな/美しい
中１Unit５part1,中１Unit５,part1,spot,場所/地点
中１Unit５part1,中１Unit５,part1,his,彼の
中１Unit５part1,中１Unit５,part1,brother,兄/弟/兄弟
中１Unit５part1,中１Unit５,part1,year,...歳/年齢
中１Unit５part1,中１Unit５,part1,old,...歳の/創立...年の
中１Unit５part1,中１Unit５,part1,work,働く/勤めている
中１Unit５part1,中１Unit５,part1,nature,自然/自然界
中１Unit５part1,中１Unit５,part1,〜 years old,〜歳
中１Unit５part1,中１Unit５,part1,enjoy Ving,Vして楽しむ
中１Unit５part2,中１Unit５,part2,any,なにか/いくつかの/何人かの (疑問文や条件文で使われる)
中１Unit５part2,中１Unit５,part2,has,haveの三人称単数現在形
中１Unit５part2,中１Unit５,part2,there,そこに/そこで/そこへ
中１Unit５part2,中１Unit５,part2,surf,サーフィン[波乗り]をする
中１Unit５part2,中１Unit５,part2,life,生活/暮らし/人生/一生
中１Unit５part2,中１Unit５,part2,question,"質問,問題,試験の問題,問い"
中１Unit５part2,中１Unit５,part2,weekend,週末
中１Unit５part2,中１Unit５,part2,swim,泳ぐ
中１Unit５part2,中１Unit５,part2,sometimes,ときどき/ときには
中１Unit５part2,中１Unit５,part2,dolphin,イルカ
中１Unit５Read and Think,中１Unit５,Read and Think,cafe,カフェ/喫茶店
中１Unit５Read and Think,中１Unit５,Read and Think,website,ウェブサイト
中１Unit５Read and Think,中１Unit５,Read and Think,popular,人気のある
中１Unit５Read and Think,中１Unit５,Read and Think,owner,持ち主/飼い主/所有者
中１Unit５Read and Think,中１Unit５,Read and Think,know,知っている/知る
中１Unit５Read and Think,中１Unit５,Read and Think,patty,パティ（ひき肉などを丸く平たい形にして焼いたもの）
中１Unit５Read and Think,中１Unit５,Read and Think,fried,油であげた
中１Unit５Read and Think,中１Unit５,Read and Think,top,いちばん上の部分/頂上/てっぺん
中１Unit５Read and Think,中１Unit５,Read and Think,wonderful,すばらしい/とてもすてきな
中１Unit５Read and Think,中１Unit５,Read and Think,loco moco,ロコモコ
中１Unit５Read and Think,中１Unit５,Read and Think,restaurant,レストラン
中１Unit５Read and Think,中１Unit５,Read and Think,friendly,好意的な/友好的な/人なつこい/優しい
中１Unit５Read and Think,中１Unit５,Read and Think,dish,料理
中１Unit５Read and Think,中１Unit５,Read and Think,fried egg,目玉焼き
中１Unit５Read and Think,中１Unit５,Read and Think,on top of A,Aの上に(重ねて)
中１Unit６part1,中１Unit６,part1,say,言う
中１Unit６part1,中１Unit６,part1,him,彼を［に］
中１Unit６part1,中１Unit６,part1,everything,何もかも/全てのもの/あらゆるもの(こと)
中１Unit６part1,中１Unit６,part1,show,(演芸/映画/サーカスなどの)公演/ショー
中１Unit６part1,中１Unit６,part1,her,彼女を(に)/彼女の
中１Unit６part1,中１Unit６,part1,performer,芸人/上演者/演技者
中１Unit６part1,中１Unit６,part1,UK,イギリス
中１Unit６part1,中１Unit６,part1,together,いっしょに/ともに
中１Unit６part1,中１Unit６,part1,let's V,Vしましょう
中１Unit６part1,中１Unit６,part1,Why don't we 〜?,(いっしょに)〜しませんか。
中１Unit６part2,中１Unit６,part2,minute,(時間の)分
中１Unit６part2,中１Unit６,part2,wait,待つ
中１Unit６part2,中１Unit６,part2,whose,"だれの/だれのもの,(疑問詞として疑問文で用いる)"
中１Unit６part2,中１Unit６,part2,yours,"あなたのもの,あなたたちのもの"
中１Unit６part2,中１Unit６,part2,mine,私のもの
中１Unit６part2,中１Unit６,part2,maybe,たぶん/おそらく/ひょっとすると
中１Unit６part2,中１Unit６,part2,careful,注意深い/慎重な/気をつける
中１Unit６part2,中１Unit６,part2,crowded,混雑した/混み合った/満員の
中１Unit６part2,中１Unit６,part2,history,歴史
中１Unit６part2,中１Unit６,part2,still,今でも/今なお/まだ
中１Unit６part2,中１Unit６,part2,over,...以上で/...より多く/...を越えて
中１Unit６part2,中１Unit６,part2,start,始まる
中１Unit６part2,中１Unit６,part2,ticket,切符/チケット/乗車券/券
中１Unit６part2,中１Unit６,part2,Thanks.,ありがとう。
中１Unit６part2,中１Unit６,part2,be careful with A,Aの扱いに気をつける
中１Unit６part2,中１Unit６,part2,How old 〜?,〜は何歳ですか。
中１Unit６Read and Think,中１Unit６,Read and Think,cushion,ざぶとん/クッション
中１Unit６Read and Think,中１Unit６,Read and Think,different,"違った,異なった,さまざまな,いろいろな"
中１Unit６Read and Think,中１Unit６,Read and Think,role,役/役割
中１Unit６Read and Think,中１Unit６,Read and Think,use,～を使う/～を利用する
中１Unit６Read and Think,中１Unit６,Read and Think,only,たった/ほんの/ただ...だけ/わずかに...しか
中１Unit６Read and Think,中１Unit６,Read and Think,prop,小道具
中１Unit６Read and Think,中１Unit６,Read and Think,which,どちら/どれ/どちらの人［もの］
中１Unit６Read and Think,中１Unit６,Read and Think,or,...か.../...または.../...あるいは.../...それとも...
中１Unit６Read and Think,中１Unit６,Read and Think,casual,カジュアルな/くだけた/ふだん着の
中１Unit６Read and Think,中１Unit６,Read and Think,large,"広い,大きい,広大な"
中１Unit６Read and Think,中１Unit６,Read and Think,collection,収集
中１Unit６Read and Think,中１Unit６,Read and Think,comic storytelling,話芸
中１Unit６Read and Think,中１Unit６,Read and Think,hand,手
中１Unit６Read and Think,中１Unit６,Read and Think,towel,手拭い/タオル
中１Unit６Read and Think,中１Unit６,Read and Think,wear,～を身に着けている/～を着ている
中１Unit６Read and Think,中１Unit６,Read and Think,clothes,服/衣服
中１Unit６Scene2 Real Life English Speaking,中１Unit６,Scene2 Real Life English Speaking,open,～をあける/～を開く
中１Unit６Scene2 Real Life English Speaking,中１Unit６,Scene2 Real Life English Speaking,close,～を閉じる/～を閉める
中１Unit６Scene2 Real Life English Speaking,中１Unit６,Scene2 Real Life English Speaking,window,窓
中１Unit６Scene2 Real Life English Speaking,中１Unit６,Scene2 Real Life English Speaking,Sure.,(返事で用いる)もちろん。/いいですよ。
中１Unit６Scene2 Real Life English Speaking,中１Unit６,Scene2 Real Life English Speaking,problem,"(解決するべき)問題,(害のある)問題"
中１Unit６Scene2 Real Life English Speaking,中１Unit６,Scene2 Real Life English Speaking,dark,暗い/(色が)濃い/陰うつな
中１Unit６Scene2 Real Life English Speaking,中１Unit６,Scene2 Real Life English Speaking,light,明かり/電灯/光
中１Unit６Scene2 Real Life English Speaking,中１Unit６,Scene2 Real Life English Speaking,just,ただ/ただ...だけ/ほんの/ちょっと
中１Unit６Scene2 Real Life English Speaking,中１Unit６,Scene2 Real Life English Speaking,moment,ちょっとの時間/瞬間/少しの間/一瞬
中１Unit６Scene2 Real Life English Speaking,中１Unit６,Scene2 Real Life English Speaking,off,"(電気・水道・テレビなどが)切れて,止まって,止めて"
中１Unit６Scene2 Real Life English Speaking,中１Unit６,Scene2 Real Life English Speaking,borrow,～を借りる
中１Unit６Scene2 Real Life English Speaking,中１Unit６,Scene2 Real Life English Speaking,help,～を手伝う/～を助ける/～の役に立つ
中１Unit６Scene2 Real Life English Speaking,中１Unit６,Scene2 Real Life English Speaking,homework,宿題
中１Unit６Scene2 Real Life English Speaking,中１Unit６,Scene2 Real Life English Speaking,No problem.,(頼み/質問の受け答えとして)問題ないですよ。/問題ありません。/いいですとも。/もちろん。/だいじょうぶ。/承知しました。
中１Unit６Scene2 Real Life English Speaking,中１Unit６,Scene2 Real Life English Speaking,a little,少し/ちょっと
中１Unit６Scene2 Real Life English Speaking,中１Unit６,Scene2 Real Life English Speaking,turn on A,Aのスイッチを入れる/A(のスイッチなど)をつける
中１Unit６Scene2 Real Life English Speaking,中１Unit６,Scene2 Real Life English Speaking,help A with B,AのBを手伝う/AがBするのを手伝う
中１Unit６Scene2 Real Life English Speaking,中１Unit６,Scene2 Real Life English Speaking,All right.,わかりました。/いいですよ。/よろしい。/了解。/大丈夫。
中１Unit６Scene2 Real Life English Speaking,中１Unit６,Scene2 Real Life English Speaking,Just a moment. / Just a minute.,"少々お待ちください。,ちょっと待ってください。"
中１Unit６Scene2 Real Life English Speaking,中１Unit６,Scene2 Real Life English Speaking,turn off 〜,(テレビなどを)〜を消す/止める/切る
中１Unit７part1,中１Unit７,part1,tomorrow,明日
中１Unit７part1,中１Unit７,part1,plan,計画/予定
中１Unit７part1,中１Unit７,part1,free,ひまな/時間がある/空いている
中１Unit７part1,中１Unit７,part1,mean,～の意味である/～を意味する
中１Unit７part1,中１Unit７,part1,busy,いそがしい
中１Unit７part1,中１Unit７,part1,talk,話す/しゃべる
中１Unit７part1,中１Unit７,part1,up,上へ/上に
中１Unit７part1,中１Unit７,part1,What's up?,どうかしたの？/どうしてる？
中１Unit７part1,中１Unit７,part1,look forward to 〜,〜を楽しみに待つ/〜を楽しみにしている
中１Unit７part2,中１Unit７,part2,market,市場/市
中１Unit７part2,中１Unit７,part2,place,場所/所
中１Unit７part2,中１Unit７,part2,appear,現れる/登場する/出る
中１Unit７part2,中１Unit７,part2,those,あれらの/それらの
中１Unit７part2,中１Unit７,part2,souvenir,"みやげ,記念品"
中１Unit７part2,中１Unit７,part2,people,人々
中１Unit７part2,中１Unit７,part2,buy,～を買う
中１Unit７part2,中１Unit７,part2,Welcome to A.,Aへようこそ。
中１Unit７Read and Think,中１Unit７,Read and Think,mom,お母さん
中１Unit７Read and Think,中１Unit７,Read and Think,dad,お父さん
中１Unit７Read and Think,中１Unit７,Read and Think,travel,旅行する/旅をする
中１Unit７Read and Think,中１Unit７,Read and Think,angry,怒って/腹を立てて/怒った
中１Unit７Read and Think,中１Unit７,Read and Think,palace,宮殿/王宮
中１Unit７Read and Think,中１Unit７,Read and Think,exciting,興奮させる/わくわくさせる/おもしろい
中１Unit７Read and Think,中１Unit７,Read and Think,late,(時間に)遅れた/遅刻した/遅い
中１Unit７Read and Think,中１Unit７,Read and Think,sorry,申し訳なく思って/すまなく思って/残念に思って
中１Unit７Read and Think,中１Unit７,Read and Think,funny,"おかしい,おかしな,おもしろい"
中１Unit７Read and Think,中１Unit７,Read and Think,OK,さて/それでは
中１Unit７Read and Think,中１Unit７,Read and Think,I'm sorry.,申し訳ありません。/すみません。/残念ながら。
中１Unit７Scene3 Real Life English Speaking,中１Unit７,Scene3 Real Life English Speaking,along,(道や川など)...に沿って
中１Unit７Scene3 Real Life English Speaking,中１Unit７,Scene3 Real Life English Speaking,street,通り/道/街路
中１Unit７Scene3 Real Life English Speaking,中１Unit７,Scene3 Real Life English Speaking,traffic light,交通信号/信号灯
中１Unit７Scene3 Real Life English Speaking,中１Unit７,Scene3 Real Life English Speaking,straight,"まっすぐに,一直線に,じかに"
中１Unit７Scene3 Real Life English Speaking,中１Unit７,Scene3 Real Life English Speaking,factory,工場
中１Unit７Scene3 Real Life English Speaking,中１Unit７,Scene3 Real Life English Speaking,building,建物/ビル/建造物
中１Unit７Scene3 Real Life English Speaking,中１Unit７,Scene3 Real Life English Speaking,woman,"女性,女の人"
中１Unit７Scene3 Real Life English Speaking,中１Unit７,Scene3 Real Life English Speaking,hospital,病院
中１Unit７Scene3 Real Life English Speaking,中１Unit７,Scene3 Real Life English Speaking,left,左に/左の方へ/左側に
中１Unit７Scene3 Real Life English Speaking,中１Unit７,Scene3 Real Life English Speaking,right,右に/右へ/右側に/右側へ
中１Unit７Scene3 Real Life English Speaking,中１Unit７,Scene3 Real Life English Speaking,museum,博物館/美術館
中１Unit７Scene3 Real Life English Speaking,中１Unit７,Scene3 Real Life English Speaking,post office,郵便局
中１Unit７Scene3 Real Life English Speaking,中１Unit７,Scene3 Real Life English Speaking,library,図書館/図書室
中１Unit７Scene3 Real Life English Speaking,中１Unit７,Scene3 Real Life English Speaking,look for A,Aをさがす
中１Unit７Scene3 Real Life English Speaking,中１Unit７,Scene3 Real Life English Speaking,Pardon me?,何とおっしゃいましたか。(聞き返すときに用いる)
中１Unit７Scene3 Real Life English Speaking,中１Unit７,Scene3 Real Life English Speaking,Let's see.,(つなぎ言葉として)えーと。/ええと。
中１Unit７Scene3 Real Life English Speaking,中１Unit７,Scene3 Real Life English Speaking,go along A,A(通り・道)を進む/Aに沿って行く
中１Unit８part1,中１Unit８,part1,African,アフリカ(産)の
中１Unit８part1,中１Unit８,part1,Africa,アフリカ
中１Unit８part1,中１Unit８,part1,Kenya,ケニア
中１Unit８part1,中１Unit８,part1,volunteer,ボランティア/志願者
中１Unit８part1,中１Unit８,part1,need,困っている状態/貧困
中１Unit８part1,中１Unit８,part1,teach,教える
中１Unit８part1,中１Unit８,part1,try,試す/やってみる/しようとする/努める
中１Unit８part1,中１Unit８,part1,best,最善の努力/全力/最善/最もよいもの/最良
中１Unit８part1,中１Unit８,part1,respect,～を尊敬する/～を尊重する/～を敬う
中１Unit８part1,中１Unit８,part1,become,～になる
中１Unit８part1,中１Unit８,part1,cousin,いとこ
中１Unit８part1,中１Unit８,part1,children,childの複数形
中１Unit８part1,中１Unit８,part1,child,子ども
中１Unit８part1,中１Unit８,part1,country,国
中１Unit８part1,中１Unit８,part1,always,いつも/常に
中１Unit８part1,中１Unit８,part1,in need,必要で/必要として/困って
中１Unit８part1,中１Unit８,part1,do one's best,"最善をつくす,ベストをつくす,がんばる"
中１Unit８part2,中１Unit８,part2,ethnic,"民族の,民族特有の"
中１Unit８part2,中１Unit８,part2,reduce,～を減らす/～を減少させる/～を少なくする
中１Unit８part2,中１Unit８,part2,waste,"無駄/むだづかい/浪費/ごみ,廃棄物"
中１Unit８part2,中１Unit８,part2,plastic,プラスチック製の/ビニールの
中１Unit８part2,中１Unit８,part2,paper,紙
中１Unit８part2,中１Unit８,part2,straw,(飲み物用の)ストロー
中１Unit８part2,中１Unit８,part2,original,独創的な/独自の
中１Unit８part2,中１Unit８,part2,reusable,再利用できる
中１Unit８part2,中１Unit８,part2,meat,肉
中１Unit８part2,中１Unit８,part2,pie,パイ
中１Unit８part2,中１Unit８,part2,bean,豆
中１Unit８part2,中１Unit８,part2,soup,スープ
中１Unit８part2,中１Unit８,part2,chicken,鶏肉
中１Unit８part2,中１Unit８,part2,curry,カレー料理/カレー
中１Unit８part2,中１Unit８,part2,Of course.,もちろん。
中１Unit８Read and Think,中１Unit８,Read and Think,well,井戸
中１Unit８Read and Think,中１Unit８,Read and Think,other,もう一方の
中１Unit８Read and Think,中１Unit８,Read and Think,village,村/村落
中１Unit８Read and Think,中１Unit８,Read and Think,collect,～を集める/～を収集する
中１Unit８Read and Think,中１Unit８,Read and Think,far,遠い
中１Unit８Read and Think,中１Unit８,Read and Think,group,グループ/集団/班
中１Unit８Read and Think,中１Unit８,Read and Think,build,～を建てる/～を造る/(機械類など)～を組み立てる
中１Unit８Read and Think,中１Unit８,Read and Think,these,これら
中１Unit８Read and Think,中１Unit８,Read and Think,money,お金/通貨 金銭
中１Unit８Read and Think,中１Unit８,Read and Think,get,～を得る/～を手に入れる/～を買う/～を取ってくる
中１Unit８Read and Think,中１Unit８,Read and Think,clean,きれいな/清潔な
中１Unit８Read and Think,中１Unit８,Read and Think,happy,うれしい/幸せな/楽しい/喜ばしい
中１Unit８Read and Think,中１Unit８,Read and Think,river,川
中１Unit８Read and Think,中１Unit８,Read and Think,on the other hand,他方では/これに反して/一方/それに対して
中１Unit８Read and Think,中１Unit８,Read and Think,for a long time,長い間
中１Unit８Scene4 Real Life English Speaking,中１Unit８,Scene4 Real Life English Speaking,server,(レストランの)給仕係/ウェイター
中１Unit８Scene4 Real Life English Speaking,中１Unit８,Scene4 Real Life English Speaking,anything,何か/何も(...ない)
中１Unit８Scene4 Real Life English Speaking,中１Unit８,Scene4 Real Life English Speaking,else,ほかに/ほかの/その他に
中１Unit８Scene4 Real Life English Speaking,中１Unit８,Scene4 Real Life English Speaking,full,いっぱいの/満ちた
中１Unit８Scene4 Real Life English Speaking,中１Unit８,Scene4 Real Life English Speaking,mushroom,キノコ/マッシュルーム
中１Unit８Scene4 Real Life English Speaking,中１Unit８,Scene4 Real Life English Speaking,steak,ステーキ
中１Unit８Scene4 Real Life English Speaking,中１Unit８,Scene4 Real Life English Speaking,salad,サラダ
中１Unit８Scene4 Real Life English Speaking,中１Unit８,Scene4 Real Life English Speaking,dessert,デザート
中１Unit８Scene4 Real Life English Speaking,中１Unit８,Scene4 Real Life English Speaking,would like,～がほしい
中１Unit８Scene4 Real Life English Speaking,中１Unit８,Scene4 Real Life English Speaking,would like to 〜,〜したいと思う
中１Unit８Scene4 Real Life English Speaking,中１Unit８,Scene4 Real Life English Speaking,"No, thank you.",いえ/結構です。
中１Unit８Stage Activity2,中１Unit８,Stage Activity2,voice,声
中１Unit８Stage Activity2,中１Unit８,Stage Activity2,word,ことば/単語/語
中１Unit８Stage Activity2,中１Unit８,Stage Activity2,concert,コンサート/演奏会
中１Unit８Stage Activity2,中１Unit８,Stage Activity2,dome,ドーム
中１Unit８Stage Activity2,中１Unit８,Stage Activity2,stage,舞台/ステージ
中１Unit８Stage Activity2,中１Unit８,Stage Activity2,performance,上演/演技/演奏/公演
中１Unit８Stage Activity2,中１Unit８,Stage Activity2,again,また/もう一度/再び
中１Unit８Stage Activity2,中１Unit８,Stage Activity2,hero,英雄/ヒーロー/主人公
中１Unit８Stage Activity2,中１Unit８,Stage Activity2,singer,歌手/歌う人
中１Unit８Stage Activity2,中１Unit８,Stage Activity2,world,世界
中１Unit８Stage Activity2,中１Unit８,Stage Activity2,music,音楽/楽曲
中１Unit８Stage Activity2,中１Unit８,Stage Activity2,all over A,Aの中で/Aの一面で/Aのいたるところで
中１Unit８Stage Activity2,中１Unit８,Stage Activity2,cheer A up,Aを元気づける/Aを応援する
中１Unit９part1,中１Unit９,part1,back,帰って/戻って/返して/元のところへ
中１Unit９part1,中１Unit９,part1,during,"...の間,...の間中,...中,(後ろにvacationのような期間を表す言葉を伴う)"
中１Unit９part1,中１Unit９,part1,stay,とどまる/滞在する/泊まる/いる
中１Unit９part1,中１Unit９,part1,snowboarding,スノーボード
中１Unit９part1,中１Unit９,part1,relax,くつろぐ/リラックスする
中１Unit９part1,中１Unit９,part1,met,meetの過去形・過去分詞
中１Unit９part1,中１Unit９,part1,ice hockey,アイスホッケー
中１Unit９part1,中１Unit９,part1,went,goの過去形
中１Unit９part1,中１Unit９,part1,vacation,休み/休暇
中１Unit９part1,中１Unit９,part1,mountain,山
中１Unit９part1,中１Unit９,part1,saw,seeの過去形
中１Unit９part1,中１Unit９,part1,go back,帰る/戻る
中１Unit９part1,中１Unit９,part1,at home,家で/家に
中１Unit９part2,中１Unit９,part2,did,doの過去形
中１Unit９part2,中１Unit９,part2,traditional,伝統的な/昔ふうの
中１Unit９part2,中１Unit９,part2,special,特別の/特殊な
中１Unit９part2,中１Unit９,part2,grandparent,祖父母/祖母/祖父
中１Unit９part2,中１Unit９,part2,wrote,writeの過去形
中１Unit９part2,中１Unit９,part2,ate,eatの過去形
中１Unit９part2,中１Unit９,part2,card,挨拶状/グリーティングカード/はがき
中１Unit９part2,中１Unit９,part2,rice cake,もち
中１Unit９part2,中１Unit９,part2,Good for you.,いいですね。/よかったね。/おめでとう。
中１Unit９Read and Think,中１Unit９,Read and Think,spent,spendの過去形・過去分詞
中１Unit９Read and Think,中１Unit９,Read and Think,spend,(時間/期間など)～を過ごす/～を使う/～を費やす
中１Unit９Read and Think,中１Unit９,Read and Think,board game,ボードゲーム
中１Unit９Read and Think,中１Unit９,Read and Think,came,comeの過去形
中１Unit９Read and Think,中１Unit９,Read and Think,bought,buyの過去形
中１Unit９Read and Think,中１Unit９,Read and Think,fortune slip,おみくじ
中１Unit９Read and Think,中１Unit９,Read and Think,read,readの過去形・過去分詞
中１Unit９Read and Think,中１Unit９,Read and Think,said,sayの過去形・過去分詞
中１Unit９Read and Think,中１Unit９,Read and Think,charm,お守り
中１Unit９Read and Think,中１Unit９,Read and Think,got,getの過去形
中１Unit９Read and Think,中１Unit９,Read and Think,wooden,木製の/木造の
中１Unit９Read and Think,中１Unit９,Read and Think,wish,願い/希望
中１Unit９Read and Think,中１Unit９,Read and Think,future,"将来,未来"
中１Unit９Read and Think,中１Unit９,Read and Think,bad,"悪い/いやな/ひどい/下手な,(味が)まずい"
中１Unit９Read and Think,中１Unit９,Read and Think,tablet,碑(いしぶみ)
中１Unit９Read and Think,中１Unit９,Read and Think,had,haveの過去形
中１Unit９Read and Think,中１Unit９,Read and Think,have a 〜 time,"〜な時を過ごす,〜な時間を過ごす"
中１Unit９Scene5 Real Life English ,中１Unit９,Scene5 Real Life English ,dear,親愛なる.../...様
中１Unit９Scene5 Real Life English ,中１Unit９,Scene5 Real Life English ,grandma,おばあちゃん/祖母
中１Unit９Scene5 Real Life English ,中１Unit９,Scene5 Real Life English ,grandpa,おじいちゃん/祖父
中１Unit９Scene5 Real Life English ,中１Unit９,Scene5 Real Life English ,fell,fallの過去形
中１Unit９Scene5 Real Life English ,中１Unit９,Scene5 Real Life English ,fall,倒れる/落ちる
中１Unit９Scene5 Real Life English ,中１Unit９,Scene5 Real Life English ,Mt. 〜,〜山(山の名前の前につける)
中１Unit９Scene5 Real Life English ,中１Unit９,Scene5 Real Life English ,snow,雪
中１Unit９Scene5 Real Life English ,中１Unit９,Scene5 Real Life English ,outside,外に/外へ/外で
中１Unit９Scene5 Real Life English ,中１Unit９,Scene5 Real Life English ,miss,～がいなくてさびしい/～をなつかしく思う
中１Unit９Scene5 Real Life English ,中１Unit９,Scene5 Real Life English ,care,世話
中１Unit９Scene5 Real Life English ,中１Unit９,Scene5 Real Life English ,ski,スキーをする
中１Unit９Scene5 Real Life English ,中１Unit９,Scene5 Real Life English ,down,下へ/下に/下の方へ
中１Unit９Scene5 Real Life English ,中１Unit９,Scene5 Real Life English ,hotel,ホテル/旅館
中１Unit９Scene5 Real Life English ,中１Unit９,Scene5 Real Life English ,go Ving,Vしに行く
中１Unit９Scene5 Real Life English ,中１Unit９,Scene5 Real Life English ,for the first time,初めて
中１Unit９Scene5 Real Life English ,中１Unit９,Scene5 Real Life English ,fall down,倒れる/落ちる/崩れ落ちる
中１Unit９Scene5 Real Life English ,中１Unit９,Scene5 Real Life English ,take care of oneself,体に気をつける
中１Unit１０part1,中１Unit１０,part1,remember,～を覚えている/～を思い出す
中１Unit１０part1,中１Unit１０,part1,board,板/台
中１Unit１０part1,中１Unit１０,part1,were,areの過去形
中１Unit１０part1,中１Unit１０,part1,realize,"～を理解する,～を実感する,～を実現する"
中１Unit１０part1,中１Unit１０,part1,made,makeの過去形
中１Unit１０part1,中１Unit１０,part1,make,"(後ろの名詞の意味と組み合わせて),～をする"
中１Unit１０part1,中１Unit１０,part1,mistake,間違い/誤り/手違い
中１Unit１０part1,中１Unit１０,part1,anyone,だれか/だれでも/だれも(...ない)
中１Unit１０part1,中１Unit１０,part1,won,winの過去形・過去分詞
中１Unit１０part1,中１Unit１０,part1,win,勝つ
中１Unit１０part1,中１Unit１０,part1,anyway,"とにかく,いずれにせよ,やはり,ところで"
中１Unit１０part1,中１Unit１０,part1,chorus,合唱/合唱部
中１Unit１０part1,中１Unit１０,part1,contest,コンテスト/コンクール/競争
中１Unit１０part1,中１Unit１０,part1,was,"am,isの過去形"
中１Unit１０part1,中１Unit１０,part1,memory,思い出/記憶/記憶力
中１Unit１０part1,中１Unit１０,part1,at first,最初は/初めのうちは
中１Unit１０part1,中１Unit１０,part1,like 〜ing,〜するのが好きである
中１Unit１０part2,中１Unit１０,part2,hey,ねえ/おい/ちょっと
中１Unit１０part2,中１Unit１０,part2,break,休憩/休暇/休み
中１Unit１０part2,中１Unit１０,part2,then,そのとき/その当時
中１Unit１０part2,中１Unit１０,part2,bring,～をもたらす/～を引き起こす
中１Unit１０part2,中１Unit１０,part2,heart,心臓
中１Unit１０part2,中１Unit１０,part2,beat,どきどきする
中１Unit１０part2,中１Unit１０,part2,way,道/方向
中１Unit１０part2,中１Unit１０,part2,each,それぞれの/各自の
中１Unit１０part2,中１Unit１０,part2,album,(レコードやCDの)アルバム
中１Unit１０part2,中１Unit１０,part2,yesterday,昨日
中１Unit１０part2,中１Unit１０,part2,fast,"はやく,(速度に対して用いる)"
中１Unit１０part2,中１Unit１０,part2,bring back,...を思い出させる
中１Unit１０part2,中１Unit１０,part2,on one's way to,(...へ行く)途中で
中１Unit１０Read and Think,中１Unit１０,Read and Think,trip,旅行
中１Unit１０Read and Think,中１Unit１０,Read and Think,campground,キャンプ場
中１Unit１０Read and Think,中１Unit１０,Read and Think,hot spring,温泉
中１Unit１０Read and Think,中１Unit１０,Read and Think,set,～を準備する/～をセットする
中１Unit１０Read and Think,中１Unit１０,Read and Think,set,setの過去形
中１Unit１０Read and Think,中１Unit１０,Read and Think,tent,テント
中１Unit１０Read and Think,中１Unit１０,Read and Think,main,主な/主要な
中１Unit１０Read and Think,中１Unit１０,Read and Think,campfire,キャンプファイア
中１Unit１０Read and Think,中１Unit１０,Read and Think,camping,キャンプ
中１Unit１０Read and Think,中１Unit１０,Read and Think,night,夜
中１Unit１０Read and Think,中１Unit１０,Read and Think,event,(重要な)出来事/行事/催し
中１Unit１０Read and Think,中１Unit１０,Read and Think,There is 〜. / There are 〜.,〜があります。
中１Unit１０Read and Think,中１Unit１０,Read and Think,set up A,Aを据え付ける/Aを建てる/(テント)Aを張る
中１Unit１０Scene6 Real Life English Speaking,中１Unit１０,Scene6 Real Life English Speaking,wrong,"あやまった,間違った"
中１Unit１０Scene6 Real Life English Speaking,中１Unit１０,Scene6 Real Life English Speaking,stomachache,胃痛/腹痛
中１Unit１０Scene6 Real Life English Speaking,中１Unit１０,Scene6 Real Life English Speaking,before,...の前に/...の前の
中１Unit１０Scene6 Real Life English Speaking,中１Unit１０,Scene6 Real Life English Speaking,mild,"おだやかな,温厚な,(味が)まろやかな"
中１Unit１０Scene6 Real Life English Speaking,中１Unit１０,Scene6 Real Life English Speaking,medicine,薬/医薬
中１Unit１０Scene6 Real Life English Speaking,中１Unit１０,Scene6 Real Life English Speaking,rest,休み/休憩
中１Unit１０Scene6 Real Life English Speaking,中１Unit１０,Scene6 Real Life English Speaking,headache,頭痛
中１Unit１０Scene6 Real Life English Speaking,中１Unit１０,Scene6 Real Life English Speaking,fever,熱
中１Unit１０Scene6 Real Life English Speaking,中１Unit１０,Scene6 Real Life English Speaking,toothache,"歯痛,歯の痛み"
中１Unit１０Scene6 Real Life English Speaking,中１Unit１０,Scene6 Real Life English Speaking,food poisoning,食中毒
中１Unit１０Scene6 Real Life English Speaking,中１Unit１０,Scene6 Real Life English Speaking,doctor,医者/医師/博士
中１Unit１０Scene6 Real Life English Speaking,中１Unit１０,Scene6 Real Life English Speaking,What's wrong?,どうしましたか。/どうかしたの？/どうしたの？
中１Unit１０Scene6 Real Life English Speaking,中１Unit１０,Scene6 Real Life English Speaking,take a rest,"ひと休みする,休憩する"
中１Unit１０Stage Activity3,中１Unit１０,Stage Activity3,ran,runの過去形
中１Unit１０Stage Activity3,中１Unit１０,Stage Activity3,relay,リレー競走
中１Unit１０Stage Activity3,中１Unit１０,Stage Activity3,another,もう1つの/別の/ほかの
中１Unit１０Stage Activity3,中１Unit１０,Stage Activity3,runner,走者/ランナー
中１Unit１０Stage Activity3,中１Unit１０,Stage Activity3,behind,...のうしろに/...のうしろで/...の背後に
中１Unit１０Stage Activity3,中１Unit１０,Stage Activity3,sports day,運動会
中２Unit１part1,中２Unit１,part1,golden,金の/絶好の
中２Unit１part1,中２Unit１,part1,holiday,休日/祝日/祭日
中２Unit１part1,中２Unit１,part1,Singapore,シンガポール
中２Unit１part1,中２Unit１,part1,flight,(飛行機の)便/飛行
中２Unit１part1,中２Unit１,part1,arrive,到着する/着く
中２Unit１part1,中２Unit１,part1,airport,空港
中２Unit１part1,中２Unit１,part1,soon,まもなく/すぐに
中２Unit１part1,中２Unit１,part1,See you.,またね。/じゃあね。
中２Unit１part2,中２Unit１,part2,will,...するつもりだ/...するだろう
中２Unit１part2,中２Unit１,part2,excited,興奮して/わくわくして
中２Unit１part2,中２Unit１,part2,seafood,シーフード/海産物/魚介/海鮮
中２Unit１part2,中２Unit１,part2,reservation,予約
中２Unit１Read and Think1,中２Unit１,Read and Think1,meter,メートル
中２Unit１Read and Think1,中２Unit１,Read and Think1,tall,高さが...で(高さを表す表現のあとに置く)
中２Unit１Read and Think1,中２Unit１,Read and Think1,weigh,～の重さがある
中２Unit１Read and Think1,中２Unit１,Read and Think1,ton,トン
中２Unit１Read and Think1,中２Unit１,Read and Think1,found,findの過去形
中２Unit１Read and Think1,中２Unit１,Read and Think1,find,～を見つける/～を探し出す
中２Unit１Read and Think1,中２Unit１,Read and Think1,language,言語/ことば/...語
中２Unit１Read and Think1,中２Unit１,Read and Think1,dollar,ドル(アメリカ合衆国の通貨)
中２Unit１Read and Think1,中２Unit１,Read and Think1,example,例
中２Unit１Read and Think1,中２Unit１,Read and Think1,communicate,(情報/意思/気持ちなどを)伝える/伝え合う
中２Unit１Read and Think1,中２Unit１,Read and Think1,Malay,マレー語
中２Unit１Read and Think1,中２Unit１,Read and Think1,for example,たとえば
中２Unit１Read and Think2,中２Unit１,Read and Think2,painting,絵/絵画/絵を描くこと
中２Unit１Read and Think2,中２Unit１,Read and Think2,wall,壁/塀
中２Unit１Read and Think2,中２Unit１,Read and Think2,surprised,驚いて/驚いた
中２Unit１Read and Think2,中２Unit１,Read and Think2,area,地域/地方/区域
中２Unit１Read and Think2,中２Unit１,Read and Think2,India,インド
中２Unit１Read and Think2,中２Unit１,Read and Think2,mosque,モスク
中２Unit１Read and Think2,中２Unit１,Read and Think2,culture,文化
中２Unit１Read and Think2,中２Unit１,Read and Think2,Chinatown,チャイナタウン
中２Unit１Read and Think2,中２Unit１,Read and Think2,onion-shaped,タマネギ型の
中２Unit２part1,中２Unit２,part1,especially,特に/特別に/とりわけ
中２Unit２part1,中２Unit２,part1,order,～を注文する
中２Unit２part1,中２Unit２,part1,topping,(ケーキやピザなどの)トッピング
中２Unit２part1,中２Unit２,part1,various,いろいろな/さまざまな
中２Unit２part1,中２Unit２,part1,especially,特に/特別に/とりわけ
中２Unit２part1,中２Unit２,part1,order,～を注文する
中２Unit２part1,中２Unit２,part1,topping,(ケーキやピザなどの)トッピング
中２Unit２part1,中２Unit２,part1,various,いろいろな/さまざまな
中２Unit２part1,中２Unit２,part1,flavor,味/フレーバー
中２Unit２part1,中２Unit２,part1,soy sauce,しょう油
中２Unit２part1,中２Unit２,part1,salt,塩
中２Unit２part1,中２Unit２,part1,and so on,...など
中２Unit２part2,中２Unit２,part2,speech,スピーチ/講演/演説
中２Unit２part2,中２Unit２,part2,sometime,いつか/そのうち
中２Unit２part2,中２Unit２,part2,if,もし...が...するなら/もし...が...ならば/もし...ならば
中２Unit２part2,中２Unit２,part2,add,～を加える/～を付け加える/～を足す
中２Unit２part2,中２Unit２,part2,butter,バター
中２Unit２part2,中２Unit２,part2,would love to 〜,〜したい(のですが)
中２Unit２Read and Think1,中２Unit２,Read and Think1,interested,興味がある/興味を持った/関心がある
中２Unit２Read and Think1,中２Unit２,Read and Think1,forget,忘れる/思い出せない
中２Unit２Read and Think1,中２Unit２,Read and Think1,#NAME?,〜をベースにした
中２Unit２Read and Think1,中２Unit２,Read and Think1,because,...が...だから/...が...なので/なぜなら...
中２Unit２Read and Think1,中２Unit２,Read and Think1,thick,濃い/(空気が)汚れた
中２Unit２Read and Think1,中２Unit２,Read and Think1,recommended,おすすめの
中２Unit２Read and Think1,中２Unit２,Read and Think1,manufacturer,製造業者/メーカー
中２Unit２Read and Think1,中２Unit２,Read and Think1,early,はやく/初期に/(時間や時期に対して用いる)
中２Unit２Read and Think1,中２Unit２,Read and Think1,be interested in A,Aに興味がある/Aに興味を持っている/Aに関心を持っている
中２Unit２Read and Think1,中２Unit２,Read and Think1,〜 kind of A,〜種類のA
中２Unit２Read and Think2,中２Unit２,Read and Think2,reflect,～を反映する
中２Unit２Read and Think2,中２Unit２,Read and Think2,climate,気候
中２Unit２Read and Think2,中２Unit２,Read and Think2,creativity,創造性/創造力/独創性
中２Unit２Read and Think2,中２Unit２,Read and Think2,chef,シェフ/コック長
中２Unit２Read and Think2,中２Unit２,Read and Think2,foreign,外国の/外国産の
中２Unit２Read and Think2,中２Unit２,Read and Think2,variation,変化/変種
中２Unit２Read and Think2,中２Unit２,Read and Think2,Italy,イタリア
中２Unit２Read and Think2,中２Unit２,Read and Think2,create,～をつくり出す/～を創造する/～を創作する/～を考案する
中２Unit２Read and Think2,中２Unit２,Read and Think2,sauce,(料理の)ソース
中２Unit２Read and Think2,中２Unit２,Read and Think2,change,変わる/変化する
中２Unit２Read and Think2,中２Unit２,Read and Think2,come from 〜,〜に由来する/〜から来ている/〜の出身である
中２Unit２Read and Think2,中２Unit２,Read and Think2,Here is A. / Here are A.,ここにAがあります。/Aです。/これがAです。/ここがAだ。
中２Unit２Read and Think2,中２Unit２,Read and Think2,name A after B,BにちなんでAと名付ける
中２Unit３part1,中２Unit３,part1,career,職業/経歴
中２Unit３part1,中２Unit３,part1,information,情報
中２Unit３part1,中２Unit３,part1,international,国際的な
中２Unit３part1,中２Unit３,part1,nursery,保育園/託児所
中２Unit３part1,中２Unit３,part1,note,注(釈)/注釈/メモ/覚え書き
中２Unit３part1,中２Unit３,part1,own,自分自身の/自身の
中２Unit３part1,中２Unit３,part1,tag,つけ札/下げ札/荷札
中２Unit３part1,中２Unit３,part1,chopstick,箸
中２Unit３part1,中２Unit３,part1,picture book,絵本/図鑑
中２Unit３part2,中２Unit３,part2,chose,chooseの過去形
中２Unit３part2,中２Unit３,part2,choose,～を選ぶ
中２Unit３part2,中２Unit３,part2,colorful,色とりどりの/色彩に富んだ/カラフルな
中２Unit３part2,中２Unit３,part2,illustration,例/挿絵/図/イラスト/(図・例などによる)説明
中２Unit３part2,中２Unit３,part2,How about 〜?,〜はどうですか。
中２Unit３Read and Think1,中２Unit３,Read and Think1,pretty,かわいい/かわいらしい
中２Unit３Read and Think1,中２Unit３,Read and Think1,taught,teachの過去形/過去分詞
中２Unit３Read and Think1,中２Unit３,Read and Think1,important,重要な/重大な/大切な
中２Unit３Read and Think1,中２Unit３,Read and Think1,moon,月
中２Unit３Read and Think1,中２Unit３,Read and Think1,lay,lieの過去形
中２Unit３Read and Think1,中２Unit３,Read and Think1,lie,横たわる/置いてある/ある
中２Unit３Read and Think1,中２Unit３,Read and Think1,leaf,(草木の)葉
中２Unit３Read and Think1,中２Unit３,Read and Think1,pop,ポンと鳴る音
中２Unit３Read and Think1,中２Unit３,Read and Think1,tiny,ごく小さい/ちっぽけな
中２Unit３Read and Think1,中２Unit３,Read and Think1,caterpillar,イモムシ/毛虫
中２Unit３Read and Think1,中２Unit３,Read and Think1,pear,西洋ナシ
中２Unit３Read and Think1,中２Unit３,Read and Think1,plum,西洋スモモ/プラム
中２Unit３Read and Think1,中２Unit３,Read and Think1,come up,のぼる
中２Unit３Read and Think1,中２Unit３,Read and Think1,come out of A,Aから出てくる
中２Unit３Read and Think2,中２Unit３,Read and Think2,learn,～を学ぶ/～を覚える/～を知る
中２Unit３Read and Think2,中２Unit３,Read and Think2,necessary,必要な
中２Unit３Read and Think2,中２Unit３,Read and Think2,adjust,～を調節する
中２Unit３Read and Think2,中２Unit３,Read and Think2,speed,スピード/速度
中２Unit３Read and Think2,中２Unit３,Read and Think2,story,話/物語
中２Unit３Read and Think2,中２Unit３,Read and Think2,difficult,難しい/困難な
中２Unit３Read and Think2,中２Unit３,Read and Think2,sentence,文
中２Unit３Read and Think2,中２Unit３,Read and Think2,clearly,はっきりと/明らかに
中２Unit３Read and Think2,中２Unit３,Read and Think2,understand,～を理解する/～がわかる
中２Unit３Read and Think2,中２Unit３,Read and Think2,smile,ほほえむ/微笑する
中２Unit３Read and Think2,中２Unit３,Read and Think2,clap,(手など)～をたたく
中２Unit３Read and Think2,中２Unit３,Read and Think2,glad,うれしい/喜んで
中２Unit３Read and Think2,中２Unit３,Read and Think2,loud,大声で/大きな音で
中２Unit３Read and Think2,中２Unit３,Read and Think2,sincerely,本心から/見せかけでなく/心から/誠実に
中２Unit３Read and Think2,中２Unit３,Read and Think2,Thank you for 〜.,〜をありがとう。
中２Unit３Read and Think2,中２Unit３,Read and Think2,from now on,今からは/これからは
中２Unit３Stage Activity1,中２Unit３,Stage Activity1,flour,小麦粉
中２Unit３Stage Activity1,中２Unit３,Stage Activity1,cabbage,キャベツ
中２Unit３Stage Activity1,中２Unit３,Stage Activity1,crispy,カリカリした
中２Unit３Stage Activity1,中２Unit３,Stage Activity1,tasty,おいしい
中２Unit３Stage Activity1,中２Unit３,Stage Activity1,easily,容易に/簡単に/たやすく
中２Unit３Stage Activity1,中２Unit３,Stage Activity1,ingredient,材料
中２Unit３Stage Activity1,中２Unit３,Stage Activity1,reason,理由/わけ/根拠
中２Unit３Let's Read1,中２Unit３,Let's Read1,check,調べる/確かめる
中２Unit３Let's Read1,中２Unit３,Let's Read1,however,しかしながら/けれども/だが/とはいえ
中２Unit３Let's Read1,中２Unit３,Let's Read1,easy,簡単な/やさしい/容易な/楽な/たやすい
中２Unit３Let's Read1,中２Unit３,Let's Read1,ago,(今から)...前に
中２Unit３Let's Read1,中２Unit３,Let's Read1,ancient,古代の
中２Unit３Let's Read1,中２Unit３,Let's Read1,Egyptian,エジプト人
中２Unit３Let's Read1,中２Unit３,Let's Read1,put,putの過去形・過去分詞
中２Unit３Let's Read1,中２Unit３,Let's Read1,put,～を置く
中２Unit３Let's Read1,中２Unit３,Let's Read1,stick,棒/棒状のもの
中２Unit３Let's Read1,中２Unit３,Let's Read1,shadow,影/かげ
中２Unit３Let's Read1,中２Unit３,Let's Read1,told,tellの過去形・過去分詞
中２Unit３Let's Read1,中２Unit３,Let's Read1,time keeping,時間の計測
中２Unit３Let's Read1,中２Unit３,Let's Read1,long ago,ずっと前に
中２Unit３Let's Read1,中２Unit３,Let's Read1,some of A,Aのうちのいくつか/いく人か
中２Unit３Let's Read1,中２Unit３,Let's Read1,measure,～を測る
中２Unit３Let's Read1,中２Unit３,Let's Read1,without,...のない/...なしで/...がなければ
中２Unit３Let's Read1,中２Unit３,Let's Read1,pot,つぼ/なべ/かめ
中２Unit３Let's Read1,中２Unit３,Let's Read1,hole,穴
中２Unit３Let's Read1,中２Unit３,Let's Read1,decrease,減る/減少する
中２Unit３Let's Read1,中２Unit３,Let's Read1,line,線/線路
中２Unit３Let's Read1,中２Unit３,Let's Read1,fire,火/火事/火災
中２Unit３Let's Read1,中２Unit３,Let's Read1,burn,～を燃やす
中２Unit３Let's Read1,中２Unit３,Let's Read1,candle,ろうそく/キャンドル
中２Unit３Let's Read1,中２Unit３,Let's Read1,gave,giveの過去形
中２Unit３Let's Read1,中２Unit３,Let's Read1,give,～を渡す/～を与える/～をあげる
中２Unit３Let's Read1,中２Unit３,Let's Read1,at night,夜に/夜は/夜間に
中２Unit３Let's Read1,中２Unit３,Let's Read1,little by little,少しずつ/だんだん
中２Unit３Let's Read1,中２Unit３,Let's Read1,mechanical,機械の
中２Unit３Let's Read1,中２Unit３,Let's Read1,weight,重さ
中２Unit３Let's Read1,中２Unit３,Let's Read1,power,～に動力を供給する
中２Unit３Let's Read1,中２Unit３,Let's Read1,hour,1時間/60分/時間/時刻
中２Unit３Let's Read1,中２Unit３,Let's Read1,bell,鈴/鈴の音/鐘/ベル
中２Unit３Let's Read1,中２Unit３,Let's Read1,heavy,重い
中２Unit３Let's Read1,中２Unit３,Let's Read1,move,～を動かす
中２Unit３Let's Read1,中２Unit３,Let's Read1,improve,改良する/改善する/よりよくする/向上する
中２Unit３Let's Read1,中２Unit３,Let's Read1,light,軽い
中２Unit３Let's Read1,中２Unit３,Let's Read1,eventually,結局は/ついに
中２Unit３Let's Read1,中２Unit３,Let's Read1,began,beginの過去形
中２Unit３Let's Read1,中２Unit３,Let's Read1,begin,始まる/始める
中２Unit３Let's Read1,中２Unit３,Let's Read1,carry,～を運ぶ/～を持ち運ぶ/～を運搬する
中２Unit３Let's Read1,中２Unit３,Let's Read1,type,種類/型/タイプ
中２Unit３Let's Read1,中２Unit３,Let's Read1,result,結果
中２Unit３Let's Read1,中２Unit３,Let's Read1,invention,発明/発明品
中２Unit３Let's Read1,中２Unit３,Let's Read1,effort,努力
中２Unit３Let's Read1,中２Unit３,Let's Read1,even,...さえ/...でも/さらに
中２Unit３Let's Read1,中２Unit３,Let's Read1,recognize,～を認識する/Oだとわかる
中２Unit３Let's Read1,中２Unit３,Let's Read1,idea,考え/思いつき/アイディア
中２Unit３Let's Read1,中２Unit３,Let's Read1,technology,科学技術/テクノロジー
中２Unit３Let's Read1,中２Unit３,Let's Read1,wisdom,知恵/英知
中２Unit３Let's Read1,中２Unit３,Let's Read1,it is time to 〜,〜すべき時である
中２Unit４part1,中２Unit４,part1,homestay,ホームステイ
中２Unit４part1,中２Unit４,part1,advice,助言/忠告/アドバイス
中２Unit４part1,中２Unit４,part1,member,メンバー/会員/一員
中２Unit４part1,中２Unit４,part1,guest,客/ゲスト
中２Unit４part1,中２Unit４,part1,follow,～に従う/（命令/ルールなど）を守る
中２Unit４part1,中２Unit４,part1,rule,規則/ルール/きまり
中２Unit４part1,中２Unit４,part1,host,(客を接客する)主人
中２Unit４part1,中２Unit４,part1,perfect,完璧な/申し分ない/完全な
中２Unit４part1,中２Unit４,part1,have to 〜,〜しなければならない (必要/義務/命令を表す)
中２Unit４part2,中２Unit４,part2,must,...しなければならない (必要/義務/命令を表す)
中２Unit４part2,中２Unit４,part2,shower,シャワー
中２Unit４part2,中２Unit４,part2,limit,限界/限度
中２Unit４Read and Think1,中２Unit４,Read and Think1,elderly,年配の
中２Unit４Read and Think1,中２Unit４,Read and Think1,couple,夫婦
中２Unit４Read and Think1,中２Unit４,Read and Think1,living room,居間/リビングルーム
中２Unit４Read and Think1,中２Unit４,Read and Think1,finish,～を終わらせる/～を終える
中２Unit４Read and Think1,中２Unit４,Read and Think1,nothing,何も...ない/少しも...ない
中２Unit４Read and Think1,中２Unit４,Read and Think1,should,...したほうがいい/...すべきである (義務/当然を表す)
中２Unit４Read and Think1,中２Unit４,Read and Think1,plate,皿/取り皿/(浅くて丸いかたちの皿を示す)
中２Unit４Read and Think1,中２Unit４,Read and Think1,hurt,～を傷つける/(肉体や感情などに対して使う)
中２Unit４Read and Think1,中２Unit４,Read and Think1,feeling,感情/気持ち
中２Unit４Read and Think2,中２Unit４,Read and Think2,answer,～と答える/～に答える
中２Unit４Read and Think2,中２Unit４,Read and Think2,enter,(場所など)～に入る/～に入学する
中２Unit４Read and Think2,中２Unit４,Read and Think2,explain,～を説明する
中２Unit４Read and Think2,中２Unit４,Read and Think2,felt,feelの過去形・過去分詞
中２Unit４Read and Think2,中２Unit４,Read and Think2,feel,感じる/感じられる
中２Unit４Read and Think2,中２Unit４,Read and Think2,end,終わり/最後/端
中２Unit４Read and Think2,中２Unit４,Read and Think2,kept,keepの過去形・過去分詞
中２Unit４Read and Think2,中２Unit４,Read and Think2,carefully,慎重に/注意深く
中２Unit４Read and Think2,中２Unit４,Read and Think2,take off A,Aを脱ぐ
中２Unit４Read and Think2,中２Unit４,Read and Think2,feel like Ving,Vしたい気がする
中２Unit４Read and Think2,中２Unit４,Read and Think2,each other,お互いを/お互いに
中２Unit４Read and Think2,中２Unit４,Read and Think2,keep Ving,(休みなくずっと)Vし続ける/Vしている
中２Unit４Read and Think2,中２Unit４,Read and Think2,in the future,未来に/将来に/将来的に
中２Unit４Scene4 Real Life English Writing,中２Unit４,Scene4 Real Life English Writing,Mrs.A,[結婚している女性を指して]...さん/先生
中２Unit４Scene4 Real Life English Writing,中２Unit４,Scene4 Real Life English Writing,precious,貴重な/大切な
中２Unit４Scene4 Real Life English Writing,中２Unit４,Scene4 Real Life English Writing,introduce,～を紹介する
中２Unit４Scene4 Real Life English Writing,中２Unit４,Scene4 Real Life English Writing,be able to 〜,〜することができる
中２Unit４Scene4 Real Life English Writing,中２Unit４,Scene4 Real Life English Writing,"Best wishes,",それでは。/ご多幸をお祈りします。(手紙などの結びのことば)/ご多幸を祈って。
中２Unit５part1,中２Unit５,part1,universal,全ての人々の
中２Unit５part1,中２Unit５,part1,design,デザイン/図案/設計/設計図
中２Unit５part1,中２Unit５,part1,fair,説明会
中２Unit５part1,中２Unit５,part1,bottle,ボトル/びん
中２Unit５part1,中２Unit５,part1,automatic,(機械などが)自動式の/機械的な/無意識の
中２Unit５part1,中２Unit５,part1,adjustable,調節可能な
中２Unit５part1,中２Unit５,part1,public,公共の/公の
中２Unit５part1,中２Unit５,part1,touch,～をさわる/～に触れる
中２Unit５part1,中２Unit５,part1,product,製品/生産物
中２Unit５part1,中２Unit５,part1,facility,設備/施設
中２Unit５part1,中２Unit５,part1,city hall,市役所
中２Unit５part2,中２Unit５,part2,staff,(集合的に)職員/社員/スタッフ
中２Unit５part2,中２Unit５,part2,tap,～を軽くたたく/トントン[コツコツ]たたく
中２Unit５part2,中２Unit５,part2,castanets,[複数あつかい]カスタネット
中２Unit５part2,中２Unit５,part2,both,[both … and 〜で]…も〜も両方
中２Unit５part2,中２Unit５,part2,left-handed,左利きの/左利き用の
中２Unit５part2,中２Unit５,part2,right-handed,右利きの/右利き用の
中２Unit５part2,中２Unit５,part2,over here,こちらで
中２Unit５part2,中２Unit５,part2,thanks to A,Aのおかげで
中２Unit５part3,中２Unit５,part3,useful,役に立つ/有用な
中２Unit５part3,中２Unit５,part3,sign,標識/標示/看板/掲示
中２Unit５part3,中２Unit５,part3,young,若い/幼い
中２Unit５part3,中２Unit５,part3,ramp,斜面/斜道/傾斜路
中２Unit５part3,中２Unit５,part3,stair / stairs,階段/(複数形で使うことが多い)
中２Unit５part3,中２Unit５,part3,wheelchair,車いす
中２Unit５part3,中２Unit５,part3,pull,～をひく/～をひっぱる
中２Unit５part3,中２Unit５,part3,baggage,(旅行者の)手荷物
中２Unit５part3,中２Unit５,part3,baby,赤ちゃん
中２Unit５part3,中２Unit５,part3,presentation,(意見/提案などの)発表/プレゼンテーション
中２Unit５Read and Think2,中２Unit５,Read and Think2,American,アメリカの/アメリカ人の
中２Unit５Read and Think2,中２Unit５,Read and Think2,professor,教授
中２Unit５Read and Think2,中２Unit５,Read and Think2,childhood,幼少時代
中２Unit５Read and Think2,中２Unit５,Read and Think2,remove,～を取り除く/～を取り去る/～を片づける
中２Unit５Read and Think2,中２Unit５,Read and Think2,barrier,バリア/壁/障壁
中２Unit５Read and Think2,中２Unit５,Read and Think2,disabled,(身体/精神に)障がいのある/体の不自由な
中２Unit５Read and Think2,中２Unit５,Read and Think2,regardless,何があっても/とにかく/(困難・忠告などに)おかまいなしに
中２Unit５Read and Think2,中２Unit５,Read and Think2,ability,能力
中２Unit５Read and Think2,中２Unit５,Read and Think2,situation,状況/状態/情勢
中２Unit５Read and Think2,中２Unit５,Read and Think2,found,～を創立する/～を設立する
中２Unit５Read and Think2,中２Unit５,Read and Think2,center,センター/中心施設/総合施設
中２Unit５Read and Think2,中２Unit５,Read and Think2,spread,spreadの過去形・過去分詞
中２Unit５Read and Think2,中２Unit５,Read and Think2,spread,～を広げる/～を広める/～が広がる
中２Unit５Read and Think2,中２Unit５,Read and Think2,accessible,(場所が)行くことのできる/(〜にとって)行きやすい
中２Unit５Read and Think2,中２Unit５,Read and Think2,regardless of 〜,〜にかかわらず
中２Unit６part1,中２Unit６,part1,trivia,雑学的な知識
中２Unit６part1,中２Unit６,part1,quiz,クイズ/小テスト
中２Unit６part1,中２Unit６,part1,court,(テニスなどの)コート
中２Unit６part1,中２Unit６,part1,than,...よりも/...に比べて
中２Unit６part2,中２Unit６,part2,survey,調査
中２Unit６part2,中２Unit６,part2,curling,カーリング
中２Unit６part2,中２Unit６,part2,more,もっと/(...より)もっと...
中２Unit６part2,中２Unit６,part2,strategy,戦略/作戦/計画/対策
中２Unit６part2,中２Unit６,part2,skill,技術/技能/腕前
中２Unit６part2,中２Unit６,part2,most,［最上級を作る］いちばん.../最も...
中２Unit６Read and Think1,中２Unit６,Read and Think1,graph,グラフ/図表
中２Unit６Read and Think1,中２Unit６,Read and Think1,percent,パーセント
中２Unit６Read and Think1,中２Unit６,Read and Think1,such,そのような/このような
中２Unit６Read and Think1,中２Unit６,Read and Think1,conclusion,結論
中２Unit６Read and Think1,中２Unit６,Read and Think1,half,半分
中２Unit６Read and Think1,中２Unit６,Read and Think1,better,より良く/より/もっと/(goodの比較級として使う)
中２Unit６Read and Think1,中２Unit６,Read and Think1,according to 〜,〜によれば
中２Unit６Read and Think1,中２Unit６,Read and Think1,as for,...について言えば
中２Unit６Read and Think1,中２Unit６,Read and Think1,〜 such as 〜,〜のような〜/たとえば〜など
中２Unit６Read and Think1,中２Unit６,Read and Think1,in conclusion,最後に/結論として
中２Unit６Read and Think1,中２Unit６,Read and Think1,more than ...,...以上/...より多く
中２Unit６Read and Think2,中２Unit６,Read and Think2,feedback,意見/フィードバック
中２Unit６Read and Think2,中２Unit６,Read and Think2,speaker,話す人/演説者/話者
中２Unit６Read and Think2,中２Unit６,Read and Think2,content,内容/中身
中２Unit６Read and Think2,中２Unit６,Read and Think2,delivery,話しぶり
中２Unit６Read and Think2,中２Unit６,Read and Think2,contact,接触/出会い
中２Unit６Read and Think2,中２Unit６,Read and Think2,comment,意見/批評/コメント
中２Unit６Read and Think2,中２Unit６,Read and Think2,topic,話題/トピック/テーマ
中２Unit６Read and Think2,中２Unit６,Read and Think2,spoke,speakの過去形
中２Unit６Read and Think2,中２Unit６,Read and Think2,data,資料/データ
中２Unit６Read and Think2,中２Unit６,Read and Think2,slide,(映写機の)スライド
中２Unit６Read and Think2,中２Unit６,Read and Think2,letter,文字
中２Unit６Real Life English Speaking,中２Unit６,Real Life English Speaking,goodbye,さようなら
中２Unit６Real Life English Speaking,中２Unit６,Real Life English Speaking,shall,【提案・勧誘】［相手の意思をたずねて］...しましょうか？
中２Unit６Real Life English Speaking,中２Unit６,Real Life English Speaking,direction,方向
中２Unit７part1,中２Unit７,part1,select,～を選ぶ
中２Unit７part1,中２Unit７,part1,heritage,遺産
中２Unit７part1,中２Unit７,part1,site,場所/用地/所在地/遺跡
中２Unit７part1,中２Unit７,part1,natural,自然の/天然の
中２Unit７part1,中２Unit７,part1,cultural,文化の/文化的な
中２Unit７part1,中２Unit７,part1,mixed,混合した
中２Unit７part1,中２Unit７,part1,selection,選ばれたもの/選択
中２Unit７part1,中２Unit７,part1,standard,基準
中２Unit７part1,中２Unit７,part1,decide,決心する/決める/決定する
中２Unit７part1,中２Unit７,part1,general,一般的な/総合的な/全般的な
中２Unit７part1,中２Unit７,part1,conference,会議/会談/協議/評議会
中２Unit７part2,中２Unit７,part2,fantastic,すばらしい/空想的な
中２Unit７part2,中２Unit７,part2,hometown,生まれ育った町/故郷の町
中２Unit７part2,中２Unit７,part2,floral,花の
中２Unit７part2,中２Unit７,part2,region,地域/地方
中２Unit７part2,中２Unit７,part2,known,knowの過去分詞
中２Unit７part2,中２Unit７,part2,plant,植物/草木
中２Unit７part2,中２Unit７,part2,diversity,多様性
中２Unit７part2,中２Unit７,part2,species,種
中２Unit７part2,中２Unit７,part2,rooibos,ルイボス
中２Unit７Read and Think1,中２Unit７,Read and Think1,built,buildの過去形・過去分詞
中２Unit７Read and Think1,中２Unit７,Read and Think1,emperor,皇帝
中２Unit７Read and Think1,中２Unit７,Read and Think1,wife,妻
中２Unit７Read and Think1,中２Unit７,Read and Think1,architecture,建築/建築学/建築様式
中２Unit７Read and Think1,中２Unit７,Read and Think1,cover,～を覆う
中２Unit７Read and Think1,中２Unit７,Read and Think1,marble,大理石
中２Unit７Read and Think1,中２Unit７,Read and Think1,jewel,宝石
中２Unit７Read and Think1,中２Unit７,Read and Think1,material,材料/原料/素材
中２Unit７Read and Think1,中２Unit７,Read and Think1,pollution,汚染/公害
中２Unit７Read and Think1,中２Unit７,Read and Think1,government,政府
中２Unit７Read and Think1,中２Unit７,Read and Think1,protect,～を保護する/～を守る
中２Unit７Read and Think1,中２Unit７,Read and Think1,in memory of 〜,〜を記念して
中２Unit７Read and Think1,中２Unit７,Read and Think1,because of A,Aの理由で/Aのために/Aのせいで/Aのおかげで
中２Unit７Read and Think2,中２Unit７,Read and Think2,list,～を(文化財のリストに)載せる
中２Unit７Read and Think2,中２Unit７,Read and Think2,seen,seeの過去分詞
中２Unit７Read and Think2,中２Unit７,Read and Think2,tourist,旅行者/観光客
中２Unit７Read and Think2,中２Unit７,Read and Think2,climb,登る
中２Unit７Read and Think2,中２Unit７,Read and Think2,sunrise,日の出
中２Unit７Read and Think2,中２Unit７,Read and Think2,cloud,雲
中２Unit７Read and Think2,中２Unit７,Read and Think2,crater,噴火口/(隕石の衝突などによる地面の)穴/(月面の)クレーター
中２Unit７Read and Think2,中２Unit７,Read and Think2,amount,量/ある量
中２Unit７Read and Think2,中２Unit７,Read and Think2,trail,(通ってできた)小道
中２Unit７Read and Think2,中２Unit７,Read and Think2,recently,最近
中２Unit７Read and Think2,中２Unit７,Read and Think2,cleanup,掃除/清掃
中２Unit７Read and Think2,中２Unit７,Read and Think2,campaign,運動/キャンペーン
中２Unit７Read and Think2,中２Unit７,Read and Think2,forever,いつまでも/永遠に
中２Unit７Read and Think2,中２Unit７,Read and Think2,more and more,ますます(多くの)
中２Unit７Read and Think2,中２Unit７,Read and Think2,a 〜 amount of A,〜の量のA
中２Unit７Scene7 Real Life English Speaking,中２Unit７,Scene7 Real Life English Speaking,goods,商品/品物
中２Unit７Scene7 Real Life English Speaking,中２Unit７,Scene7 Real Life English Speaking,size,サイズ/大きさ
中２Unit７Scene7 Real Life English Speaking,中２Unit７,Scene7 Real Life English Speaking,price,価格/値段
中２Unit７Scene7 Real Life English Speaking,中２Unit７,Scene7 Real Life English Speaking,medium,(大きさ/程度/質などが)中間の
中２Unit７Scene7 Real Life English Speaking,中２Unit７,Scene7 Real Life English Speaking,clerk,店員
中２Unit７Scene7 Real Life English Speaking,中２Unit７,Scene7 Real Life English Speaking,customer,客/顧客
中２Unit７Scene7 Real Life English Speaking,中２Unit７,Scene7 Real Life English Speaking,sari,サリー(インド・パキスタンの女性の民族衣装)
中２Unit７Scene7 Real Life English Speaking,中２Unit７,Scene7 Real Life English Speaking,rupee,ルピー(通貨)
中２Unit７Scene7 Real Life English Speaking,中２Unit７,Scene7 Real Life English Speaking,How much 〜?,〜はいくらですか。
中２Unit７Stage Activity3,中２Unit７,Stage Activity3,discussion,議論/討議/討論
中２Unit７Stage Activity3,中２Unit７,Stage Activity3,chosen,chooseの過去分詞
中２Unit７Stage Activity3,中２Unit７,Stage Activity3,tourism,観光
中２Unit７Stage Activity3,中２Unit７,Stage Activity3,industry,産業/工業/〜業
中２Unit７Stage Activity3,中２Unit７,Stage Activity3,develop,～を発展させる/～を開発する
中２Unit７Stage Activity3,中２Unit７,Stage Activity3,against,...に対して/...に対抗して/...に反対して
中２Unit７Stage Activity3,中２Unit７,Stage Activity3,increase,増える/増加する
中２Unit７Stage Activity3,中２Unit７,Stage Activity3,cause,～を引き起こす/～の原因となる
中２Unit７Stage Activity3,中２Unit７,Stage Activity3,traffic jam,交通渋滞
中２Unit７Stage Activity3,中２Unit７,Stage Activity3,pollute,～を汚染する
中２Unit７Stage Activity3,中２Unit７,Stage Activity3,environment,自然環境/環境
中２Unit７Stage Activity3,中２Unit７,Stage Activity3,therefore,それゆえ
中２Unit７Stage Activity3,中２Unit７,Stage Activity3,review,～を見直す
中２Unit７Stage Activity3,中２Unit７,Stage Activity3,value,価値
中２Unit７Stage Activity3,中２Unit７,Stage Activity3,destroy,～を破壊する/～をこわす
中２Unit７Stage Activity3,中２Unit７,Stage Activity3,attract,(人など)～をひきつける/～を魅了する/～を引き寄せる/(注意など)～をひく
中２Unit７Stage Activity3,中２Unit７,Stage Activity3,possible,可能な/できる
中２Unit７Stage Activity3,中２Unit７,Stage Activity3,agree,(討論などして)同意する/賛成する
中２Unit７Stage Activity3,中２Unit７,Stage Activity3,concern,(人)を心配させる
中２Unit７Stage Activity3,中２Unit７,Stage Activity3,crime,罪/犯罪
中２Unit７Stage Activity3,中２Unit７,Stage Activity3,due to 〜,〜のために/〜のせいで
中２Unit７Let's Read3,中２Unit７,Let's Read3,planet,惑星
中２Unit７Let's Read3,中２Unit７,Let's Read3,photograph,写真
中２Unit７Let's Read3,中２Unit７,Let's Read3,university,大学/(総合大学)
中２Unit７Let's Read3,中２Unit７,Let's Read3,attracted,ひきつけられる
中２Unit７Let's Read3,中２Unit７,Let's Read3,middle,真ん中/中間/中央
中２Unit７Let's Read3,中２Unit７,Let's Read3,wilderness,荒野/荒れ地
中２Unit７Let's Read3,中２Unit７,Let's Read3,mayor,村長/市長/町長
中２Unit７Let's Read3,中２Unit７,Let's Read3,invite,～を招待する/～を招く
中２Unit７Let's Read3,中２Unit７,Let's Read3,dream,夢
中２Unit７Let's Read3,中２Unit７,Let's Read3,TRUE,本当の/真実の
中２Unit７Let's Read3,中２Unit７,Let's Read3,in the middle of A,Aの真ん中に
中２Unit７Let's Read3,中２Unit７,Let's Read3,for himself,(彼)自身で/(彼の)独力で
中２Unit７Let's Read3,中２Unit７,Let's Read3,come true,実現する/本当になる
中２Unit７Let's Read3,中２Unit７,Let's Read3,among,...の中で/...の間で/...に囲まれて/...に含まれて
中２Unit７Let's Read3,中２Unit７,Let's Read3,convenience,便利さ/便利なこと/便利なもの
中２Unit７Let's Read3,中２Unit７,Let's Read3,hunt,...を狩る/狩りをする
中２Unit７Let's Read3,中２Unit７,Let's Read3,gather,集まる
中２Unit７Let's Read3,中２Unit７,Let's Read3,berry,ベリー
中２Unit７Let's Read3,中２Unit７,Let's Read3,tradition,伝統
中２Unit７Let's Read3,中２Unit７,Let's Read3,harmoniously,調和して
中２Unit７Let's Read3,中２Unit７,Let's Read3,understood,understandの過去形・過去分詞
中２Unit７Let's Read3,中２Unit７,Let's Read3,living,生きている
中２Unit７Let's Read3,中２Unit７,Let's Read3,share,～をわかち合う/～を共有する/～を互いに分け合う
中２Unit７Let's Read3,中２Unit７,Let's Read3,became,becomeの過去形
中２Unit７Let's Read3,中２Unit７,Let's Read3,part,部分/一部
中２Unit７Let's Read3,中２Unit７,Let's Read3,return,帰る/戻る
中２Unit７Let's Read3,中２Unit７,Let's Read3,photographer,写真家/カメラマン
中２Unit７Let's Read3,中２Unit７,Let's Read3,camp,キャンプする
中２Unit７Let's Read3,中２Unit７,Let's Read3,severe,厳しい/ひどい
中２Unit７Let's Read3,中２Unit７,Let's Read3,wild,野生の
中２Unit７Let's Read3,中２Unit７,Let's Read3,lonely,さびしい/孤独な/ひとりぼっちの
中２Unit７Let's Read3,中２Unit７,Let's Read3,freedom,自由
中２Unit７Let's Read3,中２Unit７,Let's Read3,playful,楽しげな/陽気な
中２Unit７Let's Read3,中２Unit７,Let's Read3,scene,場面/場所/景色/光景/風景/舞台
中２Unit７Let's Read3,中２Unit７,Let's Read3,suddenly,突然/急に
中２Unit７Let's Read3,中２Unit７,Let's Read3,kill,～を殺す
中２Unit７Let's Read3,中２Unit７,Let's Read3,tundra,ツンドラ/凍土帯
中２Unit７Let's Read3,中２Unit７,Let's Read3,caribou,カリブー(北米産のトナカイ)
中２Unit７Let's Read3,中２Unit７,Let's Read3,polar bear,ホッキョクグマ
中２Unit７Let's Read3,中２Unit７,Let's Read3,glacier,氷河
中２Unit７Let's Read3,中２Unit７,Let's Read3,disappear,見えなくなる/消える/なくなる/消滅する
中２Unit７Let's Read3,中２Unit７,Let's Read3,global warming,地球温暖化
中２Unit７Let's Read3,中２Unit７,Let's Read3,enough,(必要を満たすのに) 十分な
中２Unit７Let's Read3,中２Unit７,Let's Read3,habitat,生息地
中２Unit７Let's Read3,中２Unit７,Let's Read3,grow,～になる/(しだいに...するように)なる
中２Unit７Let's Read3,中２Unit７,Let's Read3,lose,～をなくす/～を失う
中２Unit７Let's Read3,中２Unit７,Let's Read3,land,土地/国
中２Unit７Let's Read3,中２Unit７,Let's Read3,island,島
中２Unit７Let's Read3,中２Unit７,Let's Read3,slowly,ゆっくりと/遅く
中２Unit７Let's Read3,中２Unit７,Let's Read3,twice,2度/2回
中２Unit７Let's Read3,中２Unit７,Let's Read3,rest,残り
中２Unit７Let's Read3,中２Unit７,Let's Read3,Earth,地球/(通常はtheを付けて用いる)
中２Unit７Let's Read3,中２Unit７,Let's Read3,remind,～に思い出させる/～に気づかせる
中２Unit７Let's Read3,中２Unit７,Let's Read3,past,過去/昔
中２Unit７Let's Read3,中２Unit７,Let's Read3,pass,～を渡す/～を手渡す
中２Unit７Let's Read3,中２Unit７,Let's Read3,beauty,美しさ
中２Unit７Let's Read3,中２Unit７,Let's Read3,sea level,海水面
中２Unit７Let's Read3,中２Unit７,Let's Read3,Arctic,北極圏/北極地方
中２Unit７Let's Read3,中２Unit７,Let's Read3,turn into A,Aに変わる
中２Unit７Let's Read3,中２Unit７,Let's Read3,twice as 〜 as A,Aより2倍〜
中２Unit７Let's Read3,中２Unit７,Let's Read3,remind A of B,AにBのことを思い出させる
中２Unit７Let's Read3,中２Unit７,Let's Read3,pass on A to B,AをBに伝える
中３Unit１part1,中３Unit１,part1,fashion,流行/はやり/ファッション
中３Unit１part1,中３Unit１,part1,regional,地方の/地域の/局地的な/地方特有の
中３Unit１part1,中３Unit１,part1,been,beの過去分詞
中３Unit１part1,中３Unit１,part1,martial arts,武道/武術
中３Unit１part1,中３Unit１,part1,have never been to 〜,〜に行ったことがない
中３Unit１part2,中３Unit１,part2,foreigner,外国人
中３Unit１part2,中３Unit１,part2,ever,"今までに/これまでに/かつて,(疑問文・否定文で用いる)"
中３Unit１part2,中３Unit１,part2,have been to,...に行ったことがある
中３Unit１Read and Think1,中３Unit１,Read and Think1,global,地球規模の/世界規模の/地球の/世界的な
中３Unit１Read and Think1,中３Unit１,Read and Think1,genre,類型/ジャンル
中３Unit１Read and Think1,中３Unit１,Read and Think1,adventure,冒険
中３Unit１Read and Think1,中３Unit１,Read and Think1,adult,大人/成人
中３Unit１Read and Think1,中３Unit１,Read and Think1,quality,品質
中３Unit１Read and Think1,中３Unit１,Read and Think1,animation,アニメーション
中３Unit１Read and Think1,中３Unit１,Read and Think1,drawing,絵/線画/デッサン
中３Unit１Read and Think1,中３Unit１,Read and Think1,delicate,上品な/優美な/繊細な
中３Unit１Read and Think1,中３Unit１,Read and Think1,addition,付け加えること/追加
中３Unit１Read and Think1,中３Unit１,Read and Think1,match,～と調和する/～に匹敵する
中３Unit１Read and Think1,中３Unit１,Read and Think1,positive,前向きな/積極的な/肯定的な
中３Unit１Read and Think1,中３Unit１,Read and Think1,in addition,加えて/さらに/そのうえ
中３Unit１Read and Think2,中３Unit１,Read and Think2,ignore,～を無視する
中３Unit１Read and Think2,中３Unit１,Read and Think2,existence,存在すること/生存
中３Unit１Read and Think2,中３Unit１,Read and Think2,root,ルーツ
中３Unit１Read and Think2,中３Unit１,Read and Think2,drawn,drawの過去分詞
中３Unit１Read and Think2,中３Unit１,Read and Think2,express,～を表現する/～を言い表す
中３Unit１Read and Think2,中３Unit１,Read and Think2,movement,動き/運動
中３Unit１Read and Think2,中３Unit１,Read and Think2,scroll,巻物/（日本・中国などの）掛け軸
中３Unit１Read and Think2,中３Unit１,Read and Think2,technique,（芸術の）手法/テクニック
中３Unit１Read and Think2,中３Unit１,Read and Think2,influence,"～に影響を与える,～に影響する"
中３Unit１Read and Think2,中３Unit１,Read and Think2,advantage,"有利（であること）/有利な点,強み"
中３Unit１Read and Think2,中３Unit１,Read and Think2,taste,"味/味覚,風味,味わい"
中３Unit１Read and Think2,中３Unit１,Read and Think2,link,～を（〜と）つなぐ/連結する
中３Unit１Read and Think2,中３Unit１,Read and Think2,entirely,全く/すっかり
中３Unit１Read and Think2,中３Unit１,Read and Think2,It is said that 〜.,〜であると言われている。
中３Unit１Read and Think2,中３Unit１,Read and Think2,take advantage of 〜,〜を利用する
中３Unit２part1,中３Unit２,part1,already,すでに/もう
中３Unit２part1,中３Unit２,part1,essay,随筆/作文
中３Unit２part1,中３Unit２,part1,yet,"まだ...ない,(否定文で使う)"
中３Unit２part1,中３Unit２,part1,ethical,道義にかなった/道徳的な
中３Unit２part1,中３Unit２,part1,designer,デザイナー/設計者
中３Unit２part1,中３Unit２,part1,interview,インタビュー/会見/面接
中３Unit２part1,中３Unit２,part1,message,伝言/伝えたいこと/メッセージ
中３Unit２part1,中３Unit２,part1,sleep,眠る/寝る
中３Unit２part2,中３Unit２,part2,accessory,（車・カメラ・機械類の）付属品/（身につける）アクセサリー
中３Unit２part2,中３Unit２,part2,recycle,(廃品など)～を再生する/～を再生処理する/～を再利用する
中３Unit２part2,中３Unit２,part2,eco-friendly,環境にやさしい
中３Unit２part2,中３Unit２,part2,become,becomeの過去分詞
中３Unit２part2,中３Unit２,part2,impact,（強い）影響/衝撃/衝突
中３Unit２part2,中３Unit２,part2,since,...が...してから/...が...してからずっと/...が...して以来
中３Unit２part2,中３Unit２,part2,How long 〜?,(時間が)どれくらい長く〜ですか。/どのくらいの間〜ですか。
中３Unit２Read and Think1,中３Unit２,Read and Think1,morally,道徳上/道徳的に見て/倫理的に/品行方正に
中３Unit２Read and Think1,中３Unit２,Read and Think1,clothing,衣類/衣料品
中３Unit２Read and Think1,中３Unit２,Read and Think1,company,会社
中３Unit２Read and Think1,中３Unit２,Read and Think1,chemical,"化学薬品,科学物質"
中３Unit２Read and Think1,中３Unit２,Read and Think1,lead,（〜に）通じる
中３Unit２Read and Think1,中３Unit２,Read and Think1,less,より少ない/もっと少ない
中３Unit２Read and Think1,中３Unit２,Read and Think1,negative,否定的な/よくない
中３Unit２Read and Think1,中３Unit２,Read and Think1,animal-free,（食品が）動物性原料を含んでいない
中３Unit２Read and Think1,中３Unit２,Read and Think1,include,～を含む
中３Unit２Read and Think1,中３Unit２,Read and Think1,vegan,絶対菜食主義者（卵・チーズ・牛乳などをとらないベジタリアン）
中３Unit２Read and Think1,中３Unit２,Read and Think1,leather,革/なめし革/革製品
中３Unit２Read and Think1,中３Unit２,Read and Think1,avoid,～を避ける/よける
中３Unit２Read and Think1,中３Unit２,Read and Think1,wool,羊毛/毛糸/毛織物/ウール
中３Unit２Read and Think1,中３Unit２,Read and Think1,fur,毛
中３Unit２Read and Think2,中３Unit２,Read and Think2,moreover,なおそのうえに/さらに/その上
中３Unit２Read and Think2,中３Unit２,Read and Think2,worker,"労働者,仕事(勉強)をする人"
中３Unit２Read and Think2,中３Unit２,Read and Think2,developing,発展途上の
中３Unit２Read and Think2,中３Unit２,Read and Think2,condition,状態/容態/状況
中３Unit２Read and Think2,中３Unit２,Read and Think2,wage,賃金/給料
中３Unit２Read and Think2,中３Unit２,Read and Think2,working,[名詞の前に用いて]働く
中３Unit２Read and Think2,中３Unit２,Read and Think2,fair,"公平な,公正な/まあまあの,並の"
中３Unit２Read and Think2,中３Unit２,Read and Think2,prohibit,（法律・規則などが）～を禁止する
中３Unit２Read and Think2,中３Unit２,Read and Think2,labor,労働
中３Unit２Read and Think2,中３Unit２,Read and Think2,responsible,（人が）（物事に対して）責任がある
中３Unit３part1,中３Unit３,part1,danger,危険/危険な状態
中３Unit３part1,中３Unit３,part1,extinction,絶滅
中３Unit３part1,中３Unit３,part1,challenge,"課題/難題,難問"
中３Unit３part1,中３Unit３,part1,human,人間の/人に関する
中３Unit３part1,中３Unit３,part1,endangered,絶滅寸前の
中３Unit３part1,中３Unit３,part1,survive,生き残る/生き延びる
中３Unit３part1,中３Unit３,part1,trouble,面倒/困難/悩み/迷惑
中３Unit３part1,中３Unit３,part1,be in danger of A,Aする恐れがある/Aしそうだ/Aの危険がある/Aの危険にさらされている
中３Unit３part2,中３Unit３,part2,cheetah,チーター
中３Unit３part2,中３Unit３,part2,sea otter,ラッコ
中３Unit３part2,中３Unit３,part2,article,記事
中３Unit３part2,中３Unit３,part2,hear of A,Aが聞こえる/Aのことを耳にする
中３Unit３Read and Think1,中３Unit３,Read and Think1,population,人口
中３Unit３Read and Think1,中３Unit３,Read and Think1,rapidly,はやく/急速に
中３Unit３Read and Think1,中３Unit３,Read and Think1,beginning,"始まり/初め/最初,最初の部分"
中３Unit３Read and Think1,中３Unit３,Read and Think1,century,世紀/100年
中３Unit３Read and Think1,中３Unit３,Read and Think1,shock,～に衝撃を与える/～にショックを与える
中３Unit３Read and Think1,中３Unit３,Read and Think1,safely,安全に
中３Unit３Read and Think1,中３Unit３,Read and Think1,overhunting,乱獲
中３Unit３Read and Think1,中３Unit３,Read and Think1,oil,石油/油
中３Unit３Read and Think1,中３Unit３,Read and Think1,spill,（液体・粉などの）こぼれ/流出
中３Unit３Read and Think1,中３Unit３,Read and Think1,hunting,"狩り,さがし求めること,ハンティング"
中３Unit３Read and Think1,中３Unit３,Read and Think1,killer whale,シャチ
中３Unit３Read and Think1,中３Unit３,Read and Think1,as a result,その結果として
中３Unit３Read and Think2,中３Unit３,Read and Think2,native,その土地で生まれた/その国で育った/(国/言語などが)生まれた時からの
中３Unit３Read and Think2,中３Unit３,Read and Think2,logging,伐採
中３Unit３Read and Think2,中３Unit３,Read and Think2,traffic accident,交通事故
中３Unit３Read and Think2,中３Unit３,Read and Think2,research,研究/調査
中３Unit３Read and Think2,中３Unit３,Read and Think2,categorize,～を分類する/（～として）類別する
中３Unit３Read and Think2,中３Unit３,Read and Think2,critically,危機的な/危険な状態で/危うく
中３Unit３Read and Think2,中３Unit３,Read and Think2,citizen,市民
中３Unit３Read and Think2,中３Unit３,Read and Think2,ecosystem,生態系
中３Unit３Read and Think2,中３Unit３,Read and Think2,human being,人間(全体)
中３Unit３Read and Think2,中３Unit３,Read and Think2,relate,～に関係がある
中３Unit３Read and Think2,中３Unit３,Read and Think2,action,行動/一時の行為
中３Unit３Scene3 Real Life English Writing,中３Unit３,Scene3 Real Life English Writing,breed,～を飼育する/繁殖する
中３Unit３Scene3 Real Life English Writing,中３Unit３,Scene3 Real Life English Writing,release,～を放す
中３Unit３Scene3 Real Life English Writing,中３Unit３,Scene3 Real Life English Writing,reach,～に着く/～に到着する
中３Unit３Scene3 Real Life English Writing,中３Unit３,Scene3 Real Life English Writing,nowadays,今日では/近ごろ
中３Unit３Scene3 Real Life English Writing,中３Unit３,Scene3 Real Life English Writing,continue,続く/続ける
中３Unit３Scene3 Real Life English Writing,中３Unit３,Scene3 Real Life English Writing,crested ibis,トキ
中３Unit３Stage Activity1,中３Unit３,Stage Activity1,item,品/品物
中３Unit３Stage Activity1,中３Unit３,Stage Activity1,piece,断片/破片/1つ/1枚/1個
中３Unit３Stage Activity1,中３Unit３,Stage Activity1,cloth,布/生地
中３Unit３Stage Activity1,中３Unit３,Stage Activity1,wrap,～を包装する/～を包む
中３Unit３Stage Activity1,中３Unit３,Stage Activity1,fold,～を折る
中３Unit３Stage Activity1,中３Unit３,Stage Activity1,convenient,便利な/都合のいい/手ごろな
中３Unit３Stage Activity1,中３Unit３,Stage Activity1,instead,(その)代わりに
中３Unit３Stage Activity1,中３Unit３,Stage Activity1,resource,資源
中３Unit３Stage Activity1,中３Unit３,Stage Activity1,a piece of A,"1枚のA/1片のA/1個のA,1切れのA"
中３Unit３Stage Activity1,中３Unit３,Stage Activity1,fold A up,Aを折りたたむ
中３Unit３Stage Activity1,中３Unit３,Stage Activity1,instead of A,Aの代わりに
中３Unit３Let's Read1,中３Unit３,Let's Read1,lullaby,子守歌
中３Unit３Let's Read1,中３Unit３,Let's Read1,road,道路/道
中３Unit３Let's Read1,中３Unit３,Let's Read1,bomb,爆弾
中３Unit３Let's Read1,中３Unit３,Let's Read1,lost,loseの過去形・過去分詞
中３Unit３Let's Read1,中３Unit３,Let's Read1,injure,"～を傷つける,～にけがをさせる,～をいためる"
中３Unit３Let's Read1,中３Unit３,Let's Read1,shade,"陰,かげ"
中３Unit３Let's Read1,中３Unit３,Let's Read1,dead,死んだ/死んでいる/枯れた
中３Unit３Let's Read1,中３Unit３,Let's Read1,weak,"弱い/かすかな,(液体などが)薄い,/衰弱した"
中３Unit３Let's Read1,中３Unit３,Let's Read1,mommy,お母ちゃん/お母さん
中３Unit３Let's Read1,中３Unit３,Let's Read1,cry,"叫ぶ,大声で言う,(声を上げて)泣く"
中３Unit３Let's Read1,中３Unit３,Let's Read1,held,holdの過去形・過去分詞
中３Unit３Let's Read1,中３Unit３,Let's Read1,hold,(手などでしっかり)～を持つ/～をにぎる/～をだく
中３Unit３Let's Read1,中３Unit３,Let's Read1,real,本物の/本当の/実在の/現実の/真の
中３Unit３Let's Read1,中３Unit３,Let's Read1,tightly,しっかりと
中３Unit３Let's Read1,中３Unit３,Let's Read1,while,（少しの）時間/（しばらくの）間
中３Unit３Let's Read1,中３Unit３,Let's Read1,quietly,静かに/黙って
中３Unit３Let's Read1,中３Unit３,Let's Read1,after a while,しばらくして
中３Unit３Let's Read1,中３Unit３,Let's Read1,nuclear,核の/原子力の
中３Unit３Let's Read1,中３Unit３,Let's Read1,peace,平和
中３Unit３Let's Read1,中３Unit３,Let's Read1,bright,"(光が)明るい/輝いている/輝かしい,まぶしい"
中３Unit３Let's Read1,中３Unit３,Let's Read1,cloudless,晴れわたった
中３Unit３Let's Read1,中３Unit３,Let's Read1,death,死
中３Unit３Let's Read1,中３Unit３,Let's Read1,sky,空
中３Unit３Let's Read1,中３Unit３,Let's Read1,the U.S.,アメリカ合衆国(United Statesの略)
中３Unit３Let's Read1,中３Unit３,Let's Read1,president,大統領
中３Unit３Let's Read1,中３Unit３,Let's Read1,meant,meanの過去形・過去分詞
中３Unit３Let's Read1,中３Unit３,Let's Read1,war,戦争/戦い
中３Unit３Let's Read1,中３Unit３,Let's Read1,courage,勇気
中３Unit３Let's Read1,中３Unit３,Let's Read1,pursue,～を追い求める
中３Unit３Let's Read1,中３Unit３,Let's Read1,worth,価値がある
中３Unit３Let's Read1,中３Unit３,Let's Read1,extend,～を広げる
中３Unit３Let's Read1,中３Unit３,Let's Read1,nuclear weapon,核兵器
中３Unit３Let's Read1,中３Unit３,Let's Read1,sitting,現職の
中３Unit３Let's Read1,中３Unit３,Let's Read1,guest book,記名帳
中３Unit３Let's Read1,中３Unit３,Let's Read1,agony,激しい痛み
中３Unit３Let's Read1,中３Unit３,Let's Read1,paper crane,折り鶴
中３Unit４part1,中３Unit４,part1,prepared,用意ができている
中３Unit４part1,中３Unit４,part1,disaster,災害
中３Unit４part1,中３Unit４,part1,shelter,避難所
中３Unit４part1,中３Unit４,part1,store,～を蓄える/～を保存する
中３Unit４part1,中３Unit４,part1,extinguisher,消火器
中３Unit４part1,中３Unit４,part1,in case of A,Aの場合には
中３Unit４part2,中３Unit４,part2,done,doの過去分詞
中３Unit４part2,中３Unit４,part2,prepare,～を準備する/～を支度する
中３Unit４part2,中３Unit４,part2,emergency,緊急事態/非常時
中３Unit４part2,中３Unit４,part2,kit,道具(用具)一式
中３Unit４part2,中３Unit４,part2,recommend,～を勧める
中３Unit４part2,中３Unit４,part2,earthquake,地震
中３Unit４Read and Think1,中３Unit４,Read and Think1,several,いくつかの/いく人かの/数個の
中３Unit４Read and Think1,中３Unit４,Read and Think1,bridge,橋/かけ橋
中３Unit４Read and Think1,中３Unit４,Read and Think1,between,"(2つ/2人)の間に,...の間で,...の間の"
中３Unit４Read and Think1,中３Unit４,Read and Think1,energetic,精力的な/エネルギッシュな/活発な
中３Unit４Read and Think1,中３Unit４,Read and Think1,encourage,～を勇気づける/～をはげます
中３Unit４Read and Think1,中３Unit４,Read and Think1,personality,個性/性格/人格
中３Unit４Read and Think1,中３Unit４,Read and Think1,hit,hitの過去形
中３Unit４Read and Think1,中３Unit４,Read and Think1,hit,(天災などが)～を襲う/～に打撃を与える
中３Unit４Read and Think1,中３Unit４,Read and Think1,comfort,～を慰める
中３Unit４Read and Think1,中３Unit４,Read and Think1,nearby,近くの
中３Unit４Read and Think1,中３Unit４,Read and Think1,safe,安全な/無事な
中３Unit４Read and Think1,中３Unit４,Read and Think1,all the time,いつも/いつでも/その間ずっと/常に
中３Unit４Read and Think1,中３Unit４,Read and Think1,rode,rideの過去形
中３Unit４Read and Think1,中３Unit４,Read and Think1,ride,～に乗る/(馬や自転車など)～に乗って行く
中３Unit４Read and Think1,中３Unit４,Read and Think1,bicycle,自転車
中３Unit４Read and Think1,中３Unit４,Read and Think1,toward,...の方へ/...に向かって
中３Unit４Read and Think1,中３Unit４,Read and Think1,apartment,アパート
中３Unit４Read and Think1,中３Unit４,Read and Think1,caught,catchの過去形・過去分詞
中３Unit４Read and Think1,中３Unit４,Read and Think1,catch,～をつかまえる/～を捕る/～を捕らえる
中３Unit４Read and Think1,中３Unit４,Read and Think1,sudden,急な
中３Unit４Read and Think1,中３Unit４,Read and Think1,news,報道/ニュース/知らせ
中３Unit４Read and Think1,中３Unit４,Read and Think1,shortly,まもなく/すぐに
中３Unit４Read and Think1,中３Unit４,Read and Think1,corner,"コーナー,部屋の隅,隅,すみっこ"
中３Unit４Read and Think1,中３Unit４,Read and Think1,exchange,交流
中３Unit４Read and Think1,中３Unit４,Read and Think1,program,番組/プログラム
中３Unit４Read and Think1,中３Unit４,Read and Think1,support,～を支援する/～を支持する
中３Unit４Read and Think1,中３Unit４,Read and Think1,ordinary,ふつうの
中３Unit４Read and Think1,中３Unit４,Read and Think1,crisis,危機/難局/（病気の）峠
中３Unit４Read and Think1,中３Unit４,Read and Think1,be caught in 〜,〜に巻き込まれる
中３Unit４Read and Think1,中３Unit４,Read and Think1,bring 〜 together,〜を団結させる
中３Unit４Read and Think1,中３Unit４,Read and Think1,keep on Ving,(休みなくずっと)Vし続ける/Vしている
中３Unit４Read and Think1,中３Unit４,Read and Think1,no longer 〜,"もう〜ない,もはや〜ない"
中３Unit４Scene4 Real Life English Speaking,中３Unit４,Scene4 Real Life English Speaking,That's very kind of you.,貴方のご親切に感謝します。
中３Unit４Scene4 Real Life English Speaking,中３Unit４,Scene4 Real Life English Speaking,would like A to 〜,Aに〜してほしい(のですが)
中３Unit５part1,中３Unit５,part1,person,人/人間/個人
中３Unit５part1,中３Unit５,part1,image,像/イメージ/画像
中３Unit５part1,中３Unit５,part1,print,～を印刷する
中３Unit５part1,中３Unit５,part1,leader,指導者/リーダー
中３Unit５part1,中３Unit５,part1,greatly,大いに/非常に
中３Unit５part1,中３Unit５,part1,be born,生まれる
中３Unit５part1,中３Unit５,part1,national,国立の/国家の/国民の/国の
中３Unit５part1,中３Unit５,part1,non-violence,非暴力
中３Unit５part1,中３Unit５,part1,Indian,インドの/インド人の
中３Unit５part1,中３Unit５,part1,on the internet,インターネットで
中３Unit５part2,中３Unit５,part2,independence,独立
中３Unit５part2,中３Unit５,part2,violence,暴力
中３Unit５part2,中３Unit５,part2,fight,たたかう/争う
中３Unit５part2,中３Unit５,part2,protest,抗議する
中３Unit５part2,中３Unit５,part2,tough,(仕事などが)困難な/骨の折れる/難しい
中３Unit５part2,中３Unit５,part2,fast,断食
中３Unit５part2,中３Unit５,part2,human rights,人権
中３Unit５part2,中３Unit５,part2,go on,続く/〜をする/〜を始める
中３Unit５Read and Think1,中３Unit５,Read and Think1,lawyer,弁護士/法律家
中３Unit５Read and Think1,中３Unit５,Read and Think1,British,イギリス人の/イギリスの
中３Unit５Read and Think1,中３Unit５,Read and Think1,discrimination,差別
中３Unit５Read and Think1,中３Unit５,Read and Think1,freely,自由に
中３Unit５Read and Think1,中３Unit５,Read and Think1,sidewalk,歩道
中３Unit５Read and Think1,中３Unit５,Read and Think1,accept,～を受け入れる
中３Unit５Read and Think1,中３Unit５,Read and Think1,law,法律
中３Unit５Read and Think1,中３Unit５,Read and Think1,unfair,不公平な/不平な/不当な
中３Unit５Read and Think1,中３Unit５,Read and Think1,stood,standの過去形
中３Unit５Read and Think1,中３Unit５,Read and Think1,stand,"立つ,立っている,(場所に)建つ,ある"
中３Unit５Read and Think1,中３Unit５,Read and Think1,arrest,～を逮捕する
中３Unit５Read and Think1,中３Unit５,Read and Think1,jail,刑務所
中３Unit５Read and Think1,中３Unit５,Read and Think1,non-violent,非暴力の
中３Unit５Read and Think1,中３Unit５,Read and Think1,effective,効果的な
中３Unit５Read and Think1,中３Unit５,Read and Think1,at that time,その時/あの時に/当時は
中３Unit５Read and Think1,中３Unit５,Read and Think1,go out,外出する
中３Unit５Read and Think1,中３Unit５,Read and Think1,even if 〜,"たとえ〜だとしても,たとえ〜でも"
中３Unit５Read and Think1,中３Unit５,Read and Think1,colony,植民地
中３Unit５Read and Think1,中３Unit５,Read and Think1,produce,～を生ずる/～を生産する/～を生み出す/～をつくり出す/～を創作する/～をもたらす
中３Unit５Read and Think1,中３Unit５,Read and Think1,tax,税金
中３Unit５Read and Think1,中３Unit５,Read and Think1,expensive,(値段が)高い/高価な
中３Unit５Read and Think1,中３Unit５,Read and Think1,follower,支持者
中３Unit５Read and Think1,中３Unit５,Read and Think1,kilometer,キロメートル
中３Unit５Read and Think1,中３Unit５,Read and Think1,march,行進/マーチ/行進曲
中３Unit５Read and Think1,中３Unit５,Read and Think1,peaceful,平和な/おだやかな
中３Unit５Read and Think1,中３Unit５,Read and Think1,legacy,遺産
中３Unit５Read and Think1,中３Unit５,Read and Think1,in those days,当時/そのころ
中３Unit５Read and Think1,中３Unit５,Read and Think1,thousands of,何千もの
中３Unit５Read and Think1,中３Unit５,Read and Think1,way to 〜,〜する方法
中３Unit５Scene5 Real Life English Writing,中３Unit５,Scene5 Real Life English Writing,text,携帯電話などでメッセージを送る
中３Unit５Scene5 Real Life English Writing,中３Unit５,Scene5 Real Life English Writing,ban,～を禁止する
中３Unit５Scene5 Real Life English Writing,中３Unit５,Scene5 Real Life English Writing,electronic,電子の
中３Unit５Scene5 Real Life English Writing,中３Unit５,Scene5 Real Life English Writing,device,デバイス/装置/機械
中３Unit５Scene5 Real Life English Writing,中３Unit５,Scene5 Real Life English Writing,cross,～を渡る/～を横切る
中３Unit５Scene5 Real Life English Writing,中３Unit５,Scene5 Real Life English Writing,decision,決断/決定/決心
中３Unit５Scene5 Real Life English Writing,中３Unit５,Scene5 Real Life English Writing,bother,面倒
中３Unit５Scene5 Real Life English Writing,中３Unit５,Scene5 Real Life English Writing,common,よくある/ふつうの/ありふれた/一般的な
中３Unit５Stage Activity2,中３Unit５,Stage Activity2,report,報告書/報告/レポート
中３Unit５Stage Activity2,中３Unit５,Stage Activity2,position,位置
中３Unit５Stage Activity2,中３Unit５,Stage Activity2,setter,（バレーボールの）セッター
中３Unit５Stage Activity2,中３Unit５,Stage Activity2,toss,～を（軽く）投げ上げる/投げる
中３Unit５Stage Activity2,中３Unit５,Stage Activity2,chance,機会/好機/可能性
中３Unit５Stage Activity2,中３Unit５,Stage Activity2,spiker,（バレーボールの）スパイカー
中３Unit５Stage Activity2,中３Unit５,Stage Activity2,teammate,チームメイト
中３Unit５Stage Activity2,中３Unit５,Stage Activity2,get the most out of 〜,〜を最大限に生かす
中３Unit６part1,中３Unit６,part1,backpack,バックパック
中３Unit６part1,中３Unit６,part1,overseas,"海外へ,外国に"
中３Unit６part1,中３Unit６,part1,unused,"未使用の,使われていない"
中３Unit６part1,中３Unit６,part1,supply,必需品
中３Unit６part1,中３Unit６,part1,abroad,"海外へ,外国へ,海外に,外国に"
中３Unit６part1,中３Unit６,part1,donate,～を寄付する
中３Unit６part1,中３Unit６,part1,this way,このようにして/こういうふうに
中３Unit６part2,中３Unit６,part2,Afghanistan,アフガニスタン(国名)
中３Unit６part2,中３Unit６,part2,definitely,必ず/確かに/間違いなく
中３Unit６part2,中３Unit６,part2,so far,"今までのところ,今まで(は)/これまで(は)"
中３Unit６Read and Think1,中３Unit６,Read and Think1,imagine,～を想像する
中３Unit６Read and Think1,中３Unit６,Read and Think1,illiterate,読み書きのできない
中３Unit６Read and Think1,中３Unit６,Read and Think1,son,息子
中３Unit６Read and Think1,中３Unit６,Read and Think1,daughter,娘
中３Unit６Read and Think1,中３Unit６,Read and Think1,air,大気/空気
中３Unit６Read and Think1,中３Unit６,Read and Think1,service,サービス/接客
中３Unit６Read and Think1,中３Unit６,Read and Think1,globe,地球
中３Unit６Read and Think1,中３Unit６,Read and Think1,connect,～を結びつける/～をつなぐ
中３Unit６Read and Think1,中３Unit６,Read and Think1,border,境界/国境
中３Unit６Read and Think1,中３Unit６,Read and Think1,encourage A to V,AにVするように促す
中３Unit６Read and Think1,中３Unit６,Read and Think1,most of A,Aの大部分
中３Unit６Read and Think1,中３Unit６,Read and Think1,be ready for A,Aの用意ができている
中３Unit６Read and Think1,中３Unit６,Read and Think1,in the open air,屋外で
中３Unit６Read and Think1,中３Unit６,Read and Think1,trade,貿易/取引
中３Unit６Read and Think1,中３Unit６,Read and Think1,survival,存続
中３Unit６Read and Think1,中３Unit６,Read and Think1,Brazil,ブラジル
中３Unit６Read and Think1,中３Unit６,Read and Think1,Thailand,タイ
中３Unit６Read and Think1,中３Unit６,Read and Think1,import,～を輸入する
中３Unit６Read and Think1,中３Unit６,Read and Think1,quite,とても/たいへん/かなり
中３Unit６Read and Think1,中３Unit６,Read and Think1,coat,コート/上着
中３Unit６Read and Think1,中３Unit６,Read and Think1,Asian,アジアの/アジア人の
中３Unit６Read and Think1,中３Unit６,Read and Think1,fact,事実/現実
中３Unit６Read and Think1,中３Unit６,Read and Think1,sold,sellの過去分詞
中３Unit６Read and Think1,中３Unit６,Read and Think1,exception,例外
中３Unit６Read and Think1,中３Unit６,Read and Think1,surround,～を囲む/～を取り巻く
中３Unit６Read and Think1,中３Unit６,Read and Think1,daily,日常の/毎日の/日々
中３Unit６Read and Think1,中３Unit６,Read and Think1,relationship,関係/関連
中３Unit６Read and Think1,中３Unit６,Read and Think1,interdependent,相互に依存している
中３Unit６Read and Think1,中３Unit６,Read and Think1,beyond,...の向こうに/...をこえたところに/...をこえたところへ/...を越えて
中３Unit６Read and Think1,中３Unit６,Read and Think1,depend on A,Aに頼る/Aによる/Aしだいだ
中３Unit６Read and Think1,中３Unit６,Read and Think1,in fact,実は/実際は/本当に
中３Unit６Stage Activity3,中３Unit６,Stage Activity3,mini debate,ミニディベート(簡易的な討論会)
中３Unit６Stage Activity3,中３Unit６,Stage Activity3,disagree,意見が合わない/賛成しない/反対する
中３Unit６Stage Activity3,中３Unit６,Stage Activity3,judge,審判員
中３Unit６Stage Activity3,中３Unit６,Stage Activity3,the United States,アメリカ/アメリカ合衆国
中３Unit６Stage Activity3,中３Unit６,Stage Activity3,a variety of A,いろいろのA/さまざまなA
中３Unit６Stage Activity3,中３Unit６,Stage Activity3,amazing,驚くべき/びっくりするような/驚くほどすばらしい
中３Unit６Stage Activity3,中３Unit６,Stage Activity3,countryside,田舎/地方
中３Unit６Stage Activity3,中３Unit６,Stage Activity3,seem,～のように見える/～のように思われる
中３Unit６Stage Activity3,中３Unit６,Stage Activity3,for one thing,"1つには,(理由を述べるときに用いる)"
中３Unit６Stage Activity3,中３Unit６,Stage Activity3,eat out,外食する
中３Unit６Stage Activity3,中３Unit６,Stage Activity3,not 〜 at all,少しも〜ない
中３Unit６Stage Activity3,中３Unit６,Stage Activity3,announce,～を知らせる/～を発表する
中３Unit６Stage Activity3,中３Unit６,Stage Activity3,point,特徴/論点/ポイント
中３Unit６Stage Activity3,中３Unit６,Stage Activity3,winner,"勝者,受賞者,優勝者"
中３Unit６Stage Activity3,中３Unit６,Stage Activity3,debate,討論/ディベート
中３Unit６Stage Activity3,中３Unit６,Stage Activity3,move on,"...を動かす,先へ進む,次へ進む"
中３Unit６Let's Read2,中３Unit６,Let's Read2,electricity,電気
中３Unit６Let's Read2,中３Unit６,Let's Read2,cut,cutの過去形・過去分詞
中３Unit６Let's Read2,中３Unit６,Let's Read2,happen,起こる/生じる
中３Unit６Let's Read2,中３Unit６,Let's Read2,charge,～を充電する
中３Unit６Let's Read2,中３Unit６,Let's Read2,chart,図表/グラフ
中３Unit６Let's Read2,中３Unit６,Let's Read2,coal,石炭
中３Unit６Let's Read2,中３Unit６,Let's Read2,natural gas,天然ガス
中３Unit６Let's Read2,中３Unit６,Let's Read2,relatively,比較的
中３Unit６Let's Read2,中３Unit６,Let's Read2,cheap,安価な/安い
中３Unit６Let's Read2,中３Unit６,Let's Read2,furthermore,そのうえ/さらに
中３Unit６Let's Read2,中３Unit６,Let's Read2,fossil fuel,化石燃料
中３Unit６Let's Read2,中３Unit６,Let's Read2,carbon dioxide,二酸化炭素
中３Unit６Let's Read2,中３Unit６,Let's Read2,run out of A,Aを使い果たす/Aを使い切る
中３Unit６Let's Read2,中３Unit６,Let's Read2,energy,エネルギー/活力
中３Unit６Let's Read2,中３Unit６,Let's Read2,control,～を管理する
中３Unit６Let's Read2,中３Unit６,Let's Read2,radiation,放射能
中３Unit６Let's Read2,中３Unit６,Let's Read2,handle,～を処理する/～を扱う
中３Unit６Let's Read2,中３Unit６,Let's Read2,sunshine,日光
中３Unit６Let's Read2,中３Unit６,Let's Read2,wind,風
中３Unit６Let's Read2,中３Unit６,Let's Read2,steam,蒸気
中３Unit６Let's Read2,中３Unit６,Let's Read2,wave,波
中３Unit６Let's Read2,中３Unit６,Let's Read2,renewable,再生可能な
中３Unit６Let's Read2,中３Unit６,Let's Read2,dangerous,危険な
中３Unit６Let's Read2,中３Unit６,Let's Read2,dam,ダム
中３Unit６Let's Read2,中３Unit６,Let's Read2,damage,"～をいためる,～を傷つける,～に損害を与える"
中３Unit６Let's Read2,中３Unit６,Let's Read2,progress,進歩する/発達する
中３Unit６Let's Read2,中３Unit６,Let's Read2,Denmark,デンマーク(国名)
中３Unit６Let's Read2,中３Unit６,Let's Read2,quarter,4分の1
中３Unit６Let's Read2,中３Unit６,Let's Read2,Iceland,アイスランド(国名)
中３Unit６Let's Read2,中３Unit６,Let's Read2,heat,暑さ/熱
中３Unit６Let's Read2,中３Unit６,Let's Read2,solve,～を解決する
中３Unit６Let's Read2,中３Unit６,Let's Read2,Azerbaijan,アゼルバイジャン(国名)
中３Unit６Let's Read2,中３Unit６,Let's Read2,invent,～を発明する
中３Unit６Let's Read2,中３Unit６,Let's Read2,lamp,ランプ/明かり
中３Unit６Let's Read2,中３Unit６,Let's Read2,second,秒
中３Unit６Let's Read2,中３Unit６,Let's Read2,liter,リットル
中３Unit６Let's Read2,中３Unit６,Let's Read2,rainwater,雨水
中３Unit６Let's Read2,中３Unit６,Let's Read2,battery,電池
中３Unit６Let's Read2,中３Unit６,Let's Read2,sustainable,持続可能な
中３Unit６Let's Read2,中３Unit６,Let's Read2,consumer,消費者
中３Unit６Let's Read2,中３Unit６,Let's Read2,inventor,発明家
中３Unit６Let's Read3,中３Unit６,Let's Read3,probably,たぶん/おそらく/十中八九
中３Unit６Let's Read3,中３Unit６,Let's Read3,count,数える
中３Unit６Let's Read3,中３Unit６,Let's Read3,author,作者
中３Unit６Let's Read3,中３Unit６,Let's Read3,Germany,ドイツ
中３Unit６Let's Read3,中３Unit６,Let's Read3,art school,美術学校
中３Unit６Let's Read3,中３Unit６,Let's Read3,graphic designer,グラフィックデザイナー
中３Unit６Let's Read3,中３Unit６,Let's Read3,believe,～と思う/～を信じる/Oだと信じる
中３Unit６Let's Read3,中３Unit６,Let's Read3,publish,出版する
中３Unit６Let's Read3,中３Unit６,Let's Read3,printer,印刷工/印刷業者
中３Unit６Let's Read3,中３Unit６,Let's Read3,unusual,ふつうでない/めずらしい
中３Unit６Let's Read3,中３Unit６,Let's Read3,come up with A,Aを思いつく/Aを考え出す
中３Unit６Let's Read3,中３Unit６,Let's Read3,bestseller,ベストセラー
中３Unit６Let's Read3,中３Unit６,Let's Read3,worldwide,"世界中に,世界的に,世界中で"
中３Unit６Let's Read3,中３Unit６,Let's Read3,toy,おもちゃ
中３Unit６Let's Read3,中３Unit６,Let's Read3,feature,特色/特徴
中３Unit６Let's Read3,中３Unit６,Let's Read3,cow,ウシ/乳牛
中３Unit６Let's Read3,中３Unit６,Let's Read3,deliver,～を配達する
中３Unit６Let's Read3,中３Unit６,Let's Read3,reader,読者
中３Unit６Let's Read3,中３Unit６,Let's Read3,colorfulness,色の鮮やかさ
中３Unit６Let's Read3,中３Unit６,Let's Read3,represent,～を表す/～を意味する
中３Unit６Let's Read3,中３Unit６,Let's Read3,colorless,無色の
中３Unit６Let's Read3,中３Unit６,Let's Read3,paint,ペンキを塗る
中３Unit６Let's Read3,中３Unit６,Let's Read3,inspire,～を呼び起こす/～を奮い立たせる
中３Unit６Let's Read3,中３Unit６,Let's Read3,play with 〜,〜で遊ぶ
中３Unit６Let's Read3,中３Unit６,Let's Read3,until,...まで/...までずっと
中３Unit６Let's Read3,中３Unit６,Let's Read3,imagination,想像力
中３Unit６Let's Read3,中３Unit６,Let's Read3,gallery,美術館
中３Unit６Let's Read3,中３Unit６,Let's Read3,studio,スタジオ
中３Unit６Let's Read3,中３Unit６,Let's Read3,theater,劇場/映画館
中３Unit６Let's Read3,中３Unit６,Let's Read3,visitor,"訪問者/訪問客,来訪者"
中３Unit６Let's Read3,中３Unit６,Let's Read3,although,...が...だけれども/...が...だが
中３Unit６Let's Read3,中３Unit６,Let's Read3,anymore,"今ではもう...でない,もはや...でない,これ以上,(否定文や疑問文で使う)"
中３Unit６Let's Read3,中３Unit６,Let's Read3,spirit,霊/精霊
中３Unit６Let's Read3,中３Unit６,Let's Read3,unfold,（たたんだ物）を広げる/開く
中３Unit６Let's Read3,中３Unit６,Let's Read3,wing,つばさ/羽
中３Unit６Let's Read3,中３Unit６,Let's Read3,pass away,他界する
中３Unit６Let's Read3,中３Unit６,Let's Read3,fill A with B,AをBで満たす
中３Unit６Let's Read3,中３Unit６,Let's Read3,not only 〜 but 〜,〜だけでなく〜